Environment,Grid Size,Number of Human Models,Obstacle Percentage,Environment Type,Determinizing MDP Time (s),Finding Bottlenecks Time (s),Finding Maximal Achievable With Pruning (s),Finding Maximal Achievable Without Pruning (s),Computing Policy With Pruning (s),Computing Policy Without Pruning (s),Total Runtime With Pruning (s),Total Runtime Without Pruning (s),Runtime Improvement (%),Query Count (Strategic VI),Query Count (Info Gain),Query Count (Query All),Human Bottlenecks,Initial State Space,Initial Actions
Overcooked,n/a,n/a,N/A,Recipe Game,0.000 ± 0.000,0.026 ± 0.000,0.003 ± 0.000,0.003 ± 0.000,14.105 ± 0.215,14.105 ± 0.215,14.133 ± 0.215,14.133 ± 0.215,0.0 ± 0.0,9.80 ± 0.00,4.70 ± 0.00,17.00 ± 0.00,17.0 ± 0.0,38417,6
Grid,4,10,0.1,2D Grid,0.001 ± 0.000,0.003 ± 0.000,0.001 ± 0.000,0.001 ± 0.000,N/A,N/A,0.005 ± 0.001,0.005 ± 0.001,0.0 ± 0.0,3.32 ± 0.68,3.32 ± 0.68,5.80 ± 0.75,5.8 ± 0.7,16,20
Grid,4,10,0.15,2D Grid,0.001 ± 0.000,0.003 ± 0.000,0.000 ± 0.000,0.000 ± 0.000,N/A,N/A,0.005 ± 0.000,0.005 ± 0.000,0.0 ± 0.0,3.20 ± 0.81,2.72 ± 0.60,5.20 ± 1.17,5.2 ± 1.2,16,20
Grid,4,10,0.2,2D Grid,0.001 ± 0.000,0.003 ± 0.000,0.001 ± 0.000,0.001 ± 0.000,N/A,N/A,0.005 ± 0.000,0.005 ± 0.000,0.0 ± 0.0,3.46 ± 0.66,2.84 ± 0.23,6.60 ± 1.02,6.6 ± 1.0,16,18
Puddle,4,10,0.1,2D Grid,0.001 ± 0.000,0.003 ± 0.000,0.000 ± 0.000,0.000 ± 0.000,N/A,N/A,0.005 ± 0.000,0.005 ± 0.000,0.0 ± 0.0,3.38 ± 0.49,3.36 ± 0.50,6.00 ± 0.63,6.0 ± 0.6,16,20
Puddle,4,10,0.15,2D Grid,0.001 ± 0.000,0.003 ± 0.000,0.001 ± 0.000,0.001 ± 0.000,N/A,N/A,0.005 ± 0.000,0.005 ± 0.000,0.0 ± 0.0,3.36 ± 0.47,3.28 ± 0.47,6.00 ± 0.89,6.0 ± 0.9,16,20
Puddle,4,10,0.2,2D Grid,0.001 ± 0.000,0.003 ± 0.000,0.001 ± 0.000,0.001 ± 0.000,N/A,N/A,0.005 ± 0.000,0.005 ± 0.000,0.0 ± 0.0,3.26 ± 0.75,2.64 ± 0.44,6.60 ± 1.20,6.6 ± 1.2,16,18
Rock,4,10,0.1,2D Grid,0.001 ± 0.000,0.003 ± 0.000,0.000 ± 0.000,0.000 ± 0.000,N/A,N/A,0.005 ± 0.000,0.005 ± 0.000,0.0 ± 0.0,2.58 ± 0.69,2.58 ± 0.69,5.20 ± 1.17,5.2 ± 1.2,16,20
Rock,4,10,0.15,2D Grid,0.001 ± 0.000,0.003 ± 0.000,0.000 ± 0.000,0.000 ± 0.000,N/A,N/A,0.004 ± 0.000,0.004 ± 0.000,0.0 ± 0.0,2.72 ± 0.45,2.60 ± 0.51,5.00 ± 0.63,5.0 ± 0.6,16,19
Rock,4,10,0.2,2D Grid,0.001 ± 0.000,0.003 ± 0.000,0.000 ± 0.000,0.000 ± 0.000,N/A,N/A,0.004 ± 0.000,0.004 ± 0.000,0.0 ± 0.0,2.50 ± 0.62,2.02 ± 0.61,4.60 ± 1.50,4.6 ± 1.5,16,18
Grid,4,50,0.1,2D Grid,0.002 ± 0.000,0.014 ± 0.000,0.001 ± 0.000,0.001 ± 0.000,N/A,N/A,0.017 ± 0.000,0.017 ± 0.000,0.0 ± 0.0,4.32 ± 0.25,3.96 ± 0.48,7.80 ± 0.40,7.8 ± 0.4,16,20
Grid,4,50,0.15,2D Grid,0.002 ± 0.000,0.013 ± 0.000,0.001 ± 0.000,0.001 ± 0.000,N/A,N/A,0.016 ± 0.000,0.016 ± 0.000,0.0 ± 0.0,4.09 ± 0.56,3.67 ± 0.25,7.60 ± 1.02,7.6 ± 1.0,16,20
Grid,4,50,0.2,2D Grid,0.002 ± 0.000,0.012 ± 0.000,0.001 ± 0.000,0.001 ± 0.000,N/A,N/A,0.015 ± 0.000,0.015 ± 0.000,0.0 ± 0.0,5.02 ± 0.77,3.10 ± 0.18,8.00 ± 0.63,8.0 ± 0.6,16,19
Puddle,4,50,0.1,2D Grid,0.002 ± 0.000,0.014 ± 0.000,0.001 ± 0.000,0.001 ± 0.000,N/A,N/A,0.017 ± 0.001,0.017 ± 0.001,0.0 ± 0.0,4.45 ± 0.27,4.29 ± 0.24,8.20 ± 0.40,8.2 ± 0.4,16,20
Puddle,4,50,0.15,2D Grid,0.002 ± 0.000,0.013 ± 0.000,0.001 ± 0.000,0.001 ± 0.000,N/A,N/A,0.016 ± 0.000,0.016 ± 0.000,0.0 ± 0.0,4.40 ± 0.22,3.83 ± 0.52,8.20 ± 0.40,8.2 ± 0.4,16,19
Puddle,4,50,0.2,2D Grid,0.002 ± 0.000,0.012 ± 0.000,0.001 ± 0.001,0.001 ± 0.001,N/A,N/A,0.015 ± 0.001,0.015 ± 0.001,0.0 ± 0.0,4.15 ± 0.35,3.38 ± 0.26,8.00 ± 1.10,8.0 ± 1.1,16,18
Rock,4,50,0.1,2D Grid,0.002 ± 0.000,0.014 ± 0.000,0.001 ± 0.000,0.001 ± 0.000,N/A,N/A,0.017 ± 0.000,0.017 ± 0.000,0.0 ± 0.0,4.36 ± 0.14,4.09 ± 0.28,8.00 ± 0.00,8.0 ± 0.0,16,20
Rock,4,50,0.15,2D Grid,0.002 ± 0.000,0.013 ± 0.000,0.001 ± 0.000,0.001 ± 0.000,N/A,N/A,0.016 ± 0.000,0.016 ± 0.000,0.0 ± 0.0,4.52 ± 0.26,3.81 ± 0.42,8.00 ± 0.63,8.0 ± 0.6,16,19
Rock,4,50,0.2,2D Grid,0.002 ± 0.000,0.012 ± 0.000,0.001 ± 0.000,0.001 ± 0.000,N/A,N/A,0.015 ± 0.000,0.015 ± 0.000,0.0 ± 0.0,4.36 ± 0.38,3.22 ± 0.19,7.80 ± 0.40,7.8 ± 0.4,16,18
Grid,4,100,0.1,2D Grid,0.002 ± 0.000,0.027 ± 0.000,0.001 ± 0.000,0.001 ± 0.000,N/A,N/A,0.030 ± 0.001,0.030 ± 0.001,0.0 ± 0.0,4.49 ± 0.15,4.09 ± 0.25,8.00 ± 0.63,8.0 ± 0.6,16,20
Grid,4,100,0.15,2D Grid,0.002 ± 0.000,0.026 ± 0.001,0.002 ± 0.001,0.002 ± 0.001,N/A,N/A,0.030 ± 0.001,0.030 ± 0.001,0.0 ± 0.0,4.24 ± 0.17,4.11 ± 0.28,8.80 ± 0.98,8.8 ± 1.0,16,19
Grid,4,100,0.2,2D Grid,0.002 ± 0.000,0.024 ± 0.001,0.001 ± 0.000,0.001 ± 0.000,N/A,N/A,0.027 ± 0.001,0.027 ± 0.001,0.0 ± 0.0,4.64 ± 0.36,3.78 ± 0.62,8.40 ± 0.49,8.4 ± 0.5,16,19
Puddle,4,100,0.1,2D Grid,0.002 ± 0.000,0.028 ± 0.000,0.001 ± 0.000,0.001 ± 0.000,N/A,N/A,0.031 ± 0.000,0.031 ± 0.000,0.0 ± 0.0,4.53 ± 0.15,3.66 ± 0.14,8.00 ± 0.00,8.0 ± 0.0,16,20
Puddle,4,100,0.15,2D Grid,0.002 ± 0.000,0.025 ± 0.000,0.001 ± 0.000,0.001 ± 0.000,N/A,N/A,0.028 ± 0.001,0.028 ± 0.001,0.0 ± 0.0,4.27 ± 0.52,3.81 ± 0.52,8.00 ± 1.10,8.0 ± 1.1,16,20
Puddle,4,100,0.2,2D Grid,0.002 ± 0.000,0.024 ± 0.001,0.001 ± 0.000,0.001 ± 0.000,N/A,N/A,0.027 ± 0.002,0.027 ± 0.002,0.0 ± 0.0,4.29 ± 0.46,3.19 ± 0.37,8.20 ± 0.75,8.2 ± 0.7,16,19
Rock,4,100,0.1,2D Grid,0.002 ± 0.000,0.028 ± 0.000,0.001 ± 0.000,0.001 ± 0.000,N/A,N/A,0.030 ± 0.001,0.030 ± 0.001,0.0 ± 0.0,4.40 ± 0.34,3.95 ± 0.30,7.80 ± 0.40,7.8 ± 0.4,16,20
Rock,4,100,0.15,2D Grid,0.002 ± 0.000,0.026 ± 0.000,0.001 ± 0.000,0.001 ± 0.000,N/A,N/A,0.028 ± 0.000,0.028 ± 0.000,0.0 ± 0.0,4.37 ± 0.24,4.19 ± 0.27,8.00 ± 0.63,8.0 ± 0.6,16,19
Rock,4,100,0.2,2D Grid,0.002 ± 0.000,0.023 ± 0.002,0.001 ± 0.000,0.001 ± 0.000,N/A,N/A,0.026 ± 0.002,0.026 ± 0.002,0.0 ± 0.0,3.84 ± 0.26,3.10 ± 0.15,7.60 ± 1.02,7.6 ± 1.0,16,19
Grid,10,10,0.1,2D Grid,0.010 ± 0.001,0.021 ± 0.001,0.000 ± 0.000,0.000 ± 0.000,N/A,N/A,0.031 ± 0.001,0.031 ± 0.001,0.0 ± 0.0,3.30 ± 0.46,3.30 ± 0.46,5.60 ± 0.49,5.6 ± 0.5,100,20
Grid,10,10,0.15,2D Grid,0.009 ± 0.001,0.021 ± 0.001,0.000 ± 0.000,0.000 ± 0.000,N/A,N/A,0.030 ± 0.002,0.030 ± 0.002,0.0 ± 0.0,3.18 ± 0.35,2.96 ± 0.36,5.40 ± 1.02,5.4 ± 1.0,100,20
Grid,10,10,0.2,2D Grid,0.009 ± 0.001,0.019 ± 0.000,0.001 ± 0.000,0.001 ± 0.000,N/A,N/A,0.029 ± 0.001,0.029 ± 0.001,0.0 ± 0.0,3.34 ± 0.64,3.46 ± 0.67,6.40 ± 1.20,6.4 ± 1.2,100,20
Puddle,10,10,0.1,2D Grid,0.010 ± 0.001,0.021 ± 0.001,0.000 ± 0.000,0.000 ± 0.000,N/A,N/A,0.031 ± 0.001,0.031 ± 0.001,0.0 ± 0.0,3.22 ± 0.35,3.22 ± 0.35,5.80 ± 0.40,5.8 ± 0.4,100,20
Puddle,10,10,0.15,2D Grid,0.009 ± 0.001,0.020 ± 0.001,0.001 ± 0.000,0.001 ± 0.000,N/A,N/A,0.030 ± 0.001,0.030 ± 0.001,0.0 ± 0.0,3.32 ± 0.52,3.32 ± 0.52,6.00 ± 0.89,6.0 ± 0.9,100,20
Puddle,10,10,0.2,2D Grid,0.008 ± 0.001,0.019 ± 0.001,0.001 ± 0.000,0.001 ± 0.000,N/A,N/A,0.028 ± 0.002,0.028 ± 0.002,0.0 ± 0.0,3.06 ± 0.64,2.72 ± 0.90,5.80 ± 1.60,5.8 ± 1.6,100,20
Rock,10,10,0.1,2D Grid,0.011 ± 0.001,0.021 ± 0.001,0.001 ± 0.000,0.001 ± 0.000,N/A,N/A,0.032 ± 0.002,0.032 ± 0.002,0.0 ± 0.0,3.40 ± 0.44,3.40 ± 0.44,6.20 ± 0.75,6.2 ± 0.7,100,20
Rock,10,10,0.15,2D Grid,0.009 ± 0.001,0.020 ± 0.000,0.001 ± 0.000,0.001 ± 0.000,N/A,N/A,0.030 ± 0.001,0.030 ± 0.001,0.0 ± 0.0,3.22 ± 0.34,3.02 ± 0.53,6.20 ± 0.40,6.2 ± 0.4,100,20
Rock,10,10,0.2,2D Grid,0.010 ± 0.001,0.020 ± 0.001,0.001 ± 0.000,0.001 ± 0.000,N/A,N/A,0.030 ± 0.002,0.030 ± 0.002,0.0 ± 0.0,3.14 ± 0.49,3.18 ± 0.56,6.20 ± 0.98,6.2 ± 1.0,100,20
Grid,10,50,0.1,2D Grid,0.013 ± 0.000,0.097 ± 0.002,0.002 ± 0.001,0.002 ± 0.001,N/A,N/A,0.112 ± 0.002,0.112 ± 0.002,0.0 ± 0.0,4.44 ± 0.29,4.44 ± 0.29,8.60 ± 0.80,8.6 ± 0.8,100,20
Grid,10,50,0.15,2D Grid,0.012 ± 0.000,0.093 ± 0.002,0.001 ± 0.000,0.001 ± 0.000,N/A,N/A,0.107 ± 0.002,0.107 ± 0.002,0.0 ± 0.0,4.19 ± 0.19,4.09 ± 0.42,8.40 ± 0.49,8.4 ± 0.5,100,20
Grid,10,50,0.2,2D Grid,0.012 ± 0.000,0.091 ± 0.002,0.002 ± 0.001,0.002 ± 0.001,N/A,N/A,0.106 ± 0.003,0.106 ± 0.003,0.0 ± 0.0,5.19 ± 0.64,3.93 ± 0.51,9.20 ± 0.75,9.2 ± 0.7,100,20
Puddle,10,50,0.1,2D Grid,0.013 ± 0.000,0.100 ± 0.001,0.001 ± 0.000,0.001 ± 0.000,N/A,N/A,0.114 ± 0.001,0.114 ± 0.001,0.0 ± 0.0,4.60 ± 0.44,4.60 ± 0.52,8.40 ± 0.49,8.4 ± 0.5,100,20
Puddle,10,50,0.15,2D Grid,0.012 ± 0.000,0.096 ± 0.001,0.001 ± 0.000,0.001 ± 0.000,N/A,N/A,0.110 ± 0.001,0.110 ± 0.001,0.0 ± 0.0,4.32 ± 0.08,4.16 ± 0.23,8.40 ± 0.49,8.4 ± 0.5,100,20
Puddle,10,50,0.2,2D Grid,0.012 ± 0.001,0.096 ± 0.002,0.024 ± 0.045,0.024 ± 0.045,N/A,N/A,0.132 ± 0.044,0.132 ± 0.044,0.0 ± 0.0,4.50 ± 0.45,3.98 ± 0.31,9.40 ± 1.85,9.4 ± 1.9,100,20
Rock,10,50,0.1,2D Grid,0.013 ± 0.000,0.096 ± 0.002,0.001 ± 0.000,0.001 ± 0.000,N/A,N/A,0.110 ± 0.002,0.110 ± 0.002,0.0 ± 0.0,4.50 ± 0.27,4.50 ± 0.27,8.00 ± 0.00,8.0 ± 0.0,100,20
Rock,10,50,0.15,2D Grid,0.013 ± 0.001,0.096 ± 0.002,0.002 ± 0.001,0.002 ± 0.001,N/A,N/A,0.110 ± 0.002,0.110 ± 0.002,0.0 ± 0.0,4.52 ± 0.21,4.54 ± 0.18,8.60 ± 0.80,8.6 ± 0.8,100,20
Rock,10,50,0.2,2D Grid,0.012 ± 0.000,0.091 ± 0.003,0.001 ± 0.000,0.001 ± 0.000,N/A,N/A,0.104 ± 0.003,0.104 ± 0.003,0.0 ± 0.0,4.32 ± 0.27,4.14 ± 0.47,8.60 ± 0.49,8.6 ± 0.5,100,20
Grid,10,100,0.1,2D Grid,0.013 ± 0.000,0.194 ± 0.006,0.001 ± 0.000,0.001 ± 0.000,N/A,N/A,0.208 ± 0.006,0.208 ± 0.006,0.0 ± 0.0,4.36 ± 0.17,4.37 ± 0.15,8.20 ± 0.40,8.2 ± 0.4,100,20
Grid,10,100,0.15,2D Grid,0.012 ± 0.000,0.190 ± 0.004,0.001 ± 0.000,0.001 ± 0.000,N/A,N/A,0.203 ± 0.004,0.203 ± 0.004,0.0 ± 0.0,4.26 ± 0.11,4.26 ± 0.11,8.00 ± 0.00,8.0 ± 0.0,100,20
Grid,10,100,0.2,2D Grid,0.012 ± 0.001,0.186 ± 0.004,0.001 ± 0.000,0.001 ± 0.000,N/A,N/A,0.199 ± 0.005,0.199 ± 0.005,0.0 ± 0.0,4.53 ± 0.14,4.25 ± 0.36,8.40 ± 0.49,8.4 ± 0.5,100,20
Puddle,10,100,0.1,2D Grid,0.013 ± 0.000,0.196 ± 0.007,0.001 ± 0.000,0.001 ± 0.000,N/A,N/A,0.210 ± 0.007,0.210 ± 0.007,0.0 ± 0.0,4.36 ± 0.12,4.42 ± 0.14,8.20 ± 0.40,8.2 ± 0.4,100,20
Puddle,10,100,0.15,2D Grid,0.012 ± 0.000,0.188 ± 0.004,0.002 ± 0.001,0.002 ± 0.001,N/A,N/A,0.202 ± 0.005,0.202 ± 0.005,0.0 ± 0.0,4.21 ± 0.25,3.88 ± 0.42,8.80 ± 0.98,8.8 ± 1.0,100,20
Puddle,10,100,0.2,2D Grid,0.012 ± 0.001,0.185 ± 0.004,0.001 ± 0.000,0.001 ± 0.000,N/A,N/A,0.198 ± 0.004,0.198 ± 0.004,0.0 ± 0.0,4.61 ± 0.29,4.14 ± 0.42,8.20 ± 0.40,8.2 ± 0.4,100,20
Rock,10,100,0.1,2D Grid,0.013 ± 0.000,0.195 ± 0.004,0.001 ± 0.000,0.001 ± 0.000,N/A,N/A,0.210 ± 0.004,0.210 ± 0.004,0.0 ± 0.0,4.41 ± 0.13,4.41 ± 0.13,8.00 ± 0.00,8.0 ± 0.0,100,20
Rock,10,100,0.15,2D Grid,0.012 ± 0.000,0.186 ± 0.003,0.001 ± 0.000,0.001 ± 0.000,N/A,N/A,0.200 ± 0.003,0.200 ± 0.003,0.0 ± 0.0,4.46 ± 0.06,4.23 ± 0.46,8.40 ± 0.49,8.4 ± 0.5,100,20
Rock,10,100,0.2,2D Grid,0.012 ± 0.000,0.189 ± 0.004,0.002 ± 0.000,0.002 ± 0.000,N/A,N/A,0.202 ± 0.004,0.202 ± 0.004,0.0 ± 0.0,4.32 ± 0.14,4.28 ± 0.30,8.80 ± 0.40,8.8 ± 0.4,100,20
Grid,20,10,0.1,2D Grid,0.041 ± 0.003,0.093 ± 0.002,0.000 ± 0.000,0.000 ± 0.000,N/A,N/A,0.134 ± 0.001,0.134 ± 0.001,0.0 ± 0.0,3.10 ± 0.40,3.10 ± 0.40,5.60 ± 0.49,5.6 ± 0.5,400,20
Grid,20,10,0.15,2D Grid,0.042 ± 0.004,0.092 ± 0.002,0.001 ± 0.000,0.001 ± 0.000,N/A,N/A,0.134 ± 0.003,0.134 ± 0.003,0.0 ± 0.0,3.16 ± 0.16,3.08 ± 0.28,6.00 ± 0.63,6.0 ± 0.6,400,20
Grid,20,10,0.2,2D Grid,0.037 ± 0.003,0.092 ± 0.003,0.001 ± 0.000,0.001 ± 0.000,N/A,N/A,0.130 ± 0.006,0.130 ± 0.006,0.0 ± 0.0,3.04 ± 0.29,3.12 ± 0.32,6.20 ± 0.75,6.2 ± 0.7,400,20
Puddle,20,10,0.1,2D Grid,0.037 ± 0.008,0.097 ± 0.003,0.000 ± 0.000,0.000 ± 0.000,N/A,N/A,0.135 ± 0.008,0.135 ± 0.008,0.0 ± 0.0,2.78 ± 0.83,2.78 ± 0.83,5.00 ± 1.41,5.0 ± 1.4,400,20
Puddle,20,10,0.15,2D Grid,0.044 ± 0.007,0.093 ± 0.004,0.001 ± 0.000,0.001 ± 0.000,N/A,N/A,0.138 ± 0.011,0.138 ± 0.011,0.0 ± 0.0,3.56 ± 0.82,3.52 ± 0.81,6.80 ± 1.33,6.8 ± 1.3,400,20
Puddle,20,10,0.2,2D Grid,0.036 ± 0.007,0.093 ± 0.002,0.001 ± 0.000,0.001 ± 0.000,N/A,N/A,0.130 ± 0.007,0.130 ± 0.007,0.0 ± 0.0,3.24 ± 0.56,3.18 ± 0.52,5.80 ± 1.47,5.8 ± 1.5,400,20
Rock,20,10,0.1,2D Grid,0.044 ± 0.005,0.095 ± 0.002,0.001 ± 0.000,0.001 ± 0.000,N/A,N/A,0.139 ± 0.005,0.139 ± 0.005,0.0 ± 0.0,3.42 ± 0.53,3.46 ± 0.57,6.40 ± 1.02,6.4 ± 1.0,400,20
Rock,20,10,0.15,2D Grid,0.037 ± 0.005,0.093 ± 0.004,0.001 ± 0.000,0.001 ± 0.000,N/A,N/A,0.131 ± 0.005,0.131 ± 0.005,0.0 ± 0.0,3.10 ± 0.35,3.08 ± 0.37,5.80 ± 0.75,5.8 ± 0.7,400,20
Rock,20,10,0.2,2D Grid,0.036 ± 0.004,0.090 ± 0.003,0.001 ± 0.001,0.001 ± 0.001,N/A,N/A,0.127 ± 0.005,0.127 ± 0.005,0.0 ± 0.0,3.00 ± 0.70,3.02 ± 0.59,6.60 ± 1.62,6.6 ± 1.6,400,20
Grid,20,50,0.1,2D Grid,0.056 ± 0.000,0.451 ± 0.011,0.001 ± 0.000,0.001 ± 0.000,N/A,N/A,0.508 ± 0.011,0.508 ± 0.011,0.0 ± 0.0,4.32 ± 0.13,4.32 ± 0.13,8.00 ± 0.00,8.0 ± 0.0,400,20
Grid,20,50,0.15,2D Grid,0.053 ± 0.001,0.440 ± 0.016,0.002 ± 0.001,0.002 ± 0.001,N/A,N/A,0.494 ± 0.017,0.494 ± 0.017,0.0 ± 0.0,4.37 ± 0.18,4.18 ± 0.33,8.60 ± 0.80,8.6 ± 0.8,400,20
Grid,20,50,0.2,2D Grid,0.050 ± 0.001,0.440 ± 0.004,0.001 ± 0.000,0.001 ± 0.000,N/A,N/A,0.492 ± 0.004,0.492 ± 0.004,0.0 ± 0.0,4.29 ± 0.29,4.09 ± 0.47,8.20 ± 0.40,8.2 ± 0.4,400,20
Puddle,20,50,0.1,2D Grid,0.055 ± 0.001,0.451 ± 0.017,0.001 ± 0.000,0.001 ± 0.000,N/A,N/A,0.508 ± 0.017,0.508 ± 0.017,0.0 ± 0.0,4.33 ± 0.31,4.33 ± 0.31,8.00 ± 0.00,8.0 ± 0.0,400,20
Puddle,20,50,0.15,2D Grid,0.053 ± 0.001,0.441 ± 0.009,0.001 ± 0.000,0.001 ± 0.000,N/A,N/A,0.494 ± 0.009,0.494 ± 0.009,0.0 ± 0.0,4.29 ± 0.36,4.26 ± 0.28,8.40 ± 0.49,8.4 ± 0.5,400,20
Puddle,20,50,0.2,2D Grid,0.051 ± 0.001,0.441 ± 0.012,0.001 ± 0.001,0.001 ± 0.001,N/A,N/A,0.494 ± 0.013,0.494 ± 0.013,0.0 ± 0.0,4.42 ± 0.48,4.30 ± 0.33,8.40 ± 0.80,8.4 ± 0.8,400,20
Rock,20,50,0.1,2D Grid,0.056 ± 0.001,0.454 ± 0.009,0.001 ± 0.000,0.001 ± 0.000,N/A,N/A,0.511 ± 0.009,0.511 ± 0.009,0.0 ± 0.0,4.41 ± 0.14,4.41 ± 0.14,8.00 ± 0.00,8.0 ± 0.0,400,20
Rock,20,50,0.15,2D Grid,0.052 ± 0.001,0.447 ± 0.008,0.001 ± 0.000,0.001 ± 0.000,N/A,N/A,0.501 ± 0.008,0.501 ± 0.008,0.0 ± 0.0,4.22 ± 0.19,4.10 ± 0.27,8.40 ± 0.49,8.4 ± 0.5,400,20
Rock,20,50,0.2,2D Grid,0.051 ± 0.001,0.442 ± 0.009,0.003 ± 0.004,0.003 ± 0.004,N/A,N/A,0.495 ± 0.008,0.495 ± 0.008,0.0 ± 0.0,4.72 ± 0.66,4.23 ± 0.43,9.00 ± 1.10,9.0 ± 1.1,400,20
Grid,20,100,0.1,2D Grid,0.056 ± 0.001,0.911 ± 0.013,0.001 ± 0.000,0.001 ± 0.000,N/A,N/A,0.968 ± 0.014,0.968 ± 0.014,0.0 ± 0.0,4.30 ± 0.25,4.30 ± 0.25,8.00 ± 0.00,8.0 ± 0.0,400,20
Grid,20,100,0.15,2D Grid,0.053 ± 0.001,0.905 ± 0.024,0.001 ± 0.000,0.001 ± 0.000,N/A,N/A,0.960 ± 0.025,0.960 ± 0.025,0.0 ± 0.0,4.45 ± 0.10,4.22 ± 0.50,8.40 ± 0.49,8.4 ± 0.5,400,20
Grid,20,100,0.2,2D Grid,0.050 ± 0.001,0.883 ± 0.020,0.001 ± 0.000,0.001 ± 0.000,N/A,N/A,0.935 ± 0.020,0.935 ± 0.020,0.0 ± 0.0,4.44 ± 0.15,4.42 ± 0.14,8.20 ± 0.40,8.2 ± 0.4,400,20
Puddle,20,100,0.1,2D Grid,0.056 ± 0.001,0.893 ± 0.013,0.001 ± 0.000,0.001 ± 0.000,N/A,N/A,0.951 ± 0.014,0.951 ± 0.014,0.0 ± 0.0,4.24 ± 0.17,4.19 ± 0.24,8.20 ± 0.40,8.2 ± 0.4,400,20
Puddle,20,100,0.15,2D Grid,0.053 ± 0.000,0.871 ± 0.023,0.001 ± 0.000,0.001 ± 0.000,N/A,N/A,0.926 ± 0.023,0.926 ± 0.023,0.0 ± 0.0,4.34 ± 0.29,4.35 ± 0.28,8.40 ± 0.49,8.4 ± 0.5,400,20
Puddle,20,100,0.2,2D Grid,0.052 ± 0.004,0.861 ± 0.017,0.001 ± 0.000,0.001 ± 0.000,N/A,N/A,0.914 ± 0.016,0.914 ± 0.016,0.0 ± 0.0,4.29 ± 0.13,4.29 ± 0.13,8.00 ± 0.00,8.0 ± 0.0,400,20
Rock,20,100,0.1,2D Grid,0.056 ± 0.001,0.898 ± 0.016,0.001 ± 0.000,0.001 ± 0.000,N/A,N/A,0.955 ± 0.017,0.955 ± 0.017,0.0 ± 0.0,4.33 ± 0.33,4.26 ± 0.46,8.40 ± 0.49,8.4 ± 0.5,400,20
Rock,20,100,0.15,2D Grid,0.053 ± 0.001,0.884 ± 0.016,0.001 ± 0.000,0.001 ± 0.000,N/A,N/A,0.938 ± 0.016,0.938 ± 0.016,0.0 ± 0.0,4.23 ± 0.22,4.23 ± 0.22,8.00 ± 0.00,8.0 ± 0.0,400,20
Rock,20,100,0.2,2D Grid,0.049 ± 0.002,0.867 ± 0.016,0.001 ± 0.000,0.001 ± 0.000,N/A,N/A,0.918 ± 0.016,0.918 ± 0.016,0.0 ± 0.0,4.52 ± 0.13,4.50 ± 0.24,8.40 ± 0.49,8.4 ± 0.5,400,20
Grid,50,10,0.1,2D Grid,0.302 ± 0.022,0.000 ± 0.000,0.001 ± 0.000,0.001 ± 0.000,N/A,N/A,0.303 ± 0.022,0.303 ± 0.022,0.0 ± 0.0,3.70 ± 0.57,3.70 ± 0.57,6.60 ± 0.49,6.6 ± 0.5,2500,20
Grid,50,10,0.15,2D Grid,0.243 ± 0.031,0.000 ± 0.000,0.000 ± 0.000,0.000 ± 0.000,N/A,N/A,0.243 ± 0.031,0.243 ± 0.031,0.0 ± 0.0,3.06 ± 0.59,3.06 ± 0.59,5.40 ± 0.80,5.4 ± 0.8,2500,20
Grid,50,10,0.2,2D Grid,0.273 ± 0.047,0.000 ± 0.000,0.001 ± 0.000,0.001 ± 0.000,N/A,N/A,0.274 ± 0.048,0.274 ± 0.048,0.0 ± 0.0,3.46 ± 0.73,3.46 ± 0.73,6.40 ± 1.20,6.4 ± 1.2,2500,20
Puddle,50,10,0.1,2D Grid,0.255 ± 0.017,0.000 ± 0.000,0.000 ± 0.000,0.000 ± 0.000,N/A,N/A,0.255 ± 0.018,0.255 ± 0.018,0.0 ± 0.0,2.96 ± 0.41,2.96 ± 0.41,5.40 ± 0.49,5.4 ± 0.5,2500,20
Puddle,50,10,0.15,2D Grid,0.248 ± 0.054,0.000 ± 0.000,0.000 ± 0.000,0.000 ± 0.000,N/A,N/A,0.248 ± 0.054,0.248 ± 0.054,0.0 ± 0.0,3.12 ± 0.74,3.12 ± 0.74,5.60 ± 1.36,5.6 ± 1.4,2500,20
Puddle,50,10,0.2,2D Grid,0.239 ± 0.024,0.000 ± 0.000,0.000 ± 0.000,0.000 ± 0.000,N/A,N/A,0.240 ± 0.024,0.240 ± 0.024,0.0 ± 0.0,2.98 ± 0.56,2.98 ± 0.56,5.80 ± 0.75,5.8 ± 0.7,2500,20
Rock,50,10,0.1,2D Grid,0.279 ± 0.058,0.000 ± 0.000,0.001 ± 0.000,0.001 ± 0.000,N/A,N/A,0.280 ± 0.058,0.280 ± 0.058,0.0 ± 0.0,3.30 ± 0.89,3.30 ± 0.89,6.00 ± 1.41,6.0 ± 1.4,2500,20
Rock,50,10,0.15,2D Grid,0.262 ± 0.022,0.000 ± 0.000,0.001 ± 0.000,0.001 ± 0.000,N/A,N/A,0.263 ± 0.022,0.263 ± 0.022,0.0 ± 0.0,3.30 ± 0.20,3.30 ± 0.20,6.00 ± 0.63,6.0 ± 0.6,2500,20
Rock,50,10,0.2,2D Grid,0.238 ± 0.031,0.000 ± 0.000,0.000 ± 0.000,0.000 ± 0.000,N/A,N/A,0.238 ± 0.031,0.238 ± 0.031,0.0 ± 0.0,3.18 ± 0.42,3.18 ± 0.42,5.40 ± 0.80,5.4 ± 0.8,2500,20
Grid,50,50,0.1,2D Grid,0.361 ± 0.002,0.000 ± 0.000,0.001 ± 0.000,0.001 ± 0.000,N/A,N/A,0.362 ± 0.002,0.362 ± 0.002,0.0 ± 0.0,4.55 ± 0.28,4.55 ± 0.28,8.00 ± 0.00,8.0 ± 0.0,2500,20
Grid,50,50,0.15,2D Grid,0.345 ± 0.011,0.000 ± 0.000,0.001 ± 0.000,0.001 ± 0.000,N/A,N/A,0.346 ± 0.011,0.346 ± 0.011,0.0 ± 0.0,4.38 ± 0.40,4.38 ± 0.40,8.00 ± 0.00,8.0 ± 0.0,2500,20
Grid,50,50,0.2,2D Grid,0.323 ± 0.005,0.000 ± 0.000,0.001 ± 0.000,0.001 ± 0.000,N/A,N/A,0.324 ± 0.005,0.324 ± 0.005,0.0 ± 0.0,4.42 ± 0.30,4.42 ± 0.30,8.00 ± 0.00,8.0 ± 0.0,2500,20
Puddle,50,50,0.1,2D Grid,0.360 ± 0.005,0.000 ± 0.000,0.001 ± 0.000,0.001 ± 0.000,N/A,N/A,0.361 ± 0.005,0.361 ± 0.005,0.0 ± 0.0,4.40 ± 0.25,4.40 ± 0.25,8.00 ± 0.00,8.0 ± 0.0,2500,20
Puddle,50,50,0.15,2D Grid,0.337 ± 0.005,0.000 ± 0.000,0.001 ± 0.000,0.001 ± 0.000,N/A,N/A,0.338 ± 0.005,0.338 ± 0.005,0.0 ± 0.0,4.17 ± 0.29,4.17 ± 0.29,8.00 ± 0.00,8.0 ± 0.0,2500,20
Puddle,50,50,0.2,2D Grid,0.324 ± 0.008,0.000 ± 0.000,0.001 ± 0.000,0.001 ± 0.000,N/A,N/A,0.325 ± 0.008,0.325 ± 0.008,0.0 ± 0.0,4.43 ± 0.21,4.43 ± 0.21,8.00 ± 0.00,8.0 ± 0.0,2500,20
Rock,50,50,0.1,2D Grid,0.359 ± 0.003,0.000 ± 0.000,0.001 ± 0.000,0.001 ± 0.000,N/A,N/A,0.360 ± 0.003,0.360 ± 0.003,0.0 ± 0.0,4.44 ± 0.29,4.44 ± 0.29,8.00 ± 0.00,8.0 ± 0.0,2500,20
Rock,50,50,0.15,2D Grid,0.341 ± 0.003,0.000 ± 0.000,0.001 ± 0.000,0.001 ± 0.000,N/A,N/A,0.343 ± 0.003,0.343 ± 0.003,0.0 ± 0.0,4.32 ± 0.26,4.32 ± 0.26,8.00 ± 0.00,8.0 ± 0.0,2500,20
Rock,50,50,0.2,2D Grid,0.332 ± 0.012,0.000 ± 0.000,0.001 ± 0.000,0.001 ± 0.000,N/A,N/A,0.333 ± 0.012,0.333 ± 0.012,0.0 ± 0.0,4.34 ± 0.28,4.34 ± 0.28,8.00 ± 0.00,8.0 ± 0.0,2500,20
Grid,50,100,0.1,2D Grid,0.360 ± 0.002,0.000 ± 0.000,0.001 ± 0.000,0.001 ± 0.000,N/A,N/A,0.361 ± 0.002,0.361 ± 0.002,0.0 ± 0.0,4.29 ± 0.17,4.29 ± 0.17,8.00 ± 0.00,8.0 ± 0.0,2500,20
Grid,50,100,0.15,2D Grid,0.339 ± 0.006,0.000 ± 0.000,0.001 ± 0.000,0.001 ± 0.000,N/A,N/A,0.340 ± 0.006,0.340 ± 0.006,0.0 ± 0.0,4.44 ± 0.25,4.44 ± 0.25,8.00 ± 0.00,8.0 ± 0.0,2500,20
Grid,50,100,0.2,2D Grid,0.322 ± 0.003,0.000 ± 0.000,0.001 ± 0.000,0.001 ± 0.000,N/A,N/A,0.323 ± 0.003,0.323 ± 0.003,0.0 ± 0.0,4.26 ± 0.12,4.26 ± 0.12,8.00 ± 0.00,8.0 ± 0.0,2500,20
Puddle,50,100,0.1,2D Grid,0.358 ± 0.003,0.000 ± 0.000,0.001 ± 0.000,0.001 ± 0.000,N/A,N/A,0.358 ± 0.003,0.358 ± 0.003,0.0 ± 0.0,4.37 ± 0.12,4.37 ± 0.12,8.00 ± 0.00,8.0 ± 0.0,2500,20
Puddle,50,100,0.15,2D Grid,0.340 ± 0.004,0.000 ± 0.000,0.001 ± 0.000,0.001 ± 0.000,N/A,N/A,0.341 ± 0.004,0.341 ± 0.004,0.0 ± 0.0,4.40 ± 0.20,4.40 ± 0.20,8.00 ± 0.00,8.0 ± 0.0,2500,20
Puddle,50,100,0.2,2D Grid,0.329 ± 0.006,0.000 ± 0.000,0.001 ± 0.000,0.001 ± 0.000,N/A,N/A,0.330 ± 0.006,0.330 ± 0.006,0.0 ± 0.0,4.37 ± 0.17,4.37 ± 0.17,8.00 ± 0.00,8.0 ± 0.0,2500,20
Rock,50,100,0.1,2D Grid,0.359 ± 0.003,0.000 ± 0.000,0.001 ± 0.000,0.001 ± 0.000,N/A,N/A,0.360 ± 0.003,0.360 ± 0.003,0.0 ± 0.0,4.22 ± 0.26,4.22 ± 0.26,8.00 ± 0.00,8.0 ± 0.0,2500,20
Rock,50,100,0.15,2D Grid,0.339 ± 0.006,0.000 ± 0.000,0.001 ± 0.000,0.001 ± 0.000,N/A,N/A,0.340 ± 0.006,0.340 ± 0.006,0.0 ± 0.0,4.35 ± 0.20,4.35 ± 0.20,8.00 ± 0.00,8.0 ± 0.0,2500,20
Rock,50,100,0.2,2D Grid,0.327 ± 0.015,0.000 ± 0.000,0.001 ± 0.000,0.001 ± 0.000,N/A,N/A,0.328 ± 0.015,0.328 ± 0.015,0.0 ± 0.0,4.49 ± 0.17,4.49 ± 0.17,8.00 ± 0.00,8.0 ± 0.0,2500,20
Grid,100,10,0.1,2D Grid,1.154 ± 0.069,0.000 ± 0.000,0.001 ± 0.000,0.001 ± 0.000,N/A,N/A,1.154 ± 0.069,1.154 ± 0.069,0.0 ± 0.0,3.40 ± 0.28,3.40 ± 0.28,6.20 ± 0.40,6.2 ± 0.4,10000,20
Grid,100,10,0.15,2D Grid,1.017 ± 0.165,0.000 ± 0.000,0.000 ± 0.000,0.000 ± 0.000,N/A,N/A,1.017 ± 0.165,1.017 ± 0.165,0.0 ± 0.0,3.02 ± 0.73,3.02 ± 0.73,5.60 ± 1.02,5.6 ± 1.0,10000,20
Grid,100,10,0.2,2D Grid,0.978 ± 0.092,0.000 ± 0.000,0.001 ± 0.000,0.001 ± 0.000,N/A,N/A,0.979 ± 0.092,0.979 ± 0.092,0.0 ± 0.0,3.32 ± 0.39,3.32 ± 0.39,5.80 ± 0.75,5.8 ± 0.7,10000,20
Puddle,100,10,0.1,2D Grid,1.135 ± 0.012,0.000 ± 0.000,0.001 ± 0.000,0.001 ± 0.000,N/A,N/A,1.135 ± 0.012,1.135 ± 0.012,0.0 ± 0.0,3.26 ± 0.12,3.26 ± 0.12,6.00 ± 0.00,6.0 ± 0.0,10000,20
Puddle,100,10,0.15,2D Grid,1.102 ± 0.098,0.000 ± 0.000,0.001 ± 0.000,0.001 ± 0.000,N/A,N/A,1.103 ± 0.098,1.103 ± 0.098,0.0 ± 0.0,3.50 ± 0.59,3.50 ± 0.59,6.20 ± 0.75,6.2 ± 0.7,10000,20
Puddle,100,10,0.2,2D Grid,0.939 ± 0.130,0.000 ± 0.000,0.000 ± 0.000,0.000 ± 0.000,N/A,N/A,0.939 ± 0.130,0.939 ± 0.130,0.0 ± 0.0,3.14 ± 0.52,3.14 ± 0.52,5.40 ± 1.02,5.4 ± 1.0,10000,20
Rock,100,10,0.1,2D Grid,1.061 ± 0.083,0.000 ± 0.000,0.000 ± 0.000,0.000 ± 0.000,N/A,N/A,1.062 ± 0.083,1.062 ± 0.083,0.0 ± 0.0,3.14 ± 0.59,3.14 ± 0.59,5.60 ± 0.49,5.6 ± 0.5,10000,20
Rock,100,10,0.15,2D Grid,1.016 ± 0.068,0.000 ± 0.000,0.000 ± 0.000,0.000 ± 0.000,N/A,N/A,1.017 ± 0.069,1.017 ± 0.069,0.0 ± 0.0,3.10 ± 0.52,3.10 ± 0.52,5.60 ± 0.49,5.6 ± 0.5,10000,20
Rock,100,10,0.2,2D Grid,0.891 ± 0.141,0.000 ± 0.000,0.000 ± 0.000,0.000 ± 0.000,N/A,N/A,0.891 ± 0.142,0.891 ± 0.142,0.0 ± 0.0,2.78 ± 0.60,2.78 ± 0.60,5.00 ± 0.89,5.0 ± 0.9,10000,20
Grid,100,50,0.1,2D Grid,1.460 ± 0.012,0.000 ± 0.000,0.001 ± 0.000,0.001 ± 0.000,N/A,N/A,1.461 ± 0.012,1.461 ± 0.012,0.0 ± 0.0,4.38 ± 0.17,4.38 ± 0.17,8.00 ± 0.00,8.0 ± 0.0,10000,20
Grid,100,50,0.15,2D Grid,1.356 ± 0.072,0.000 ± 0.000,0.001 ± 0.000,0.001 ± 0.000,N/A,N/A,1.357 ± 0.072,1.357 ± 0.072,0.0 ± 0.0,4.10 ± 0.19,4.10 ± 0.19,7.80 ± 0.40,7.8 ± 0.4,10000,20
Grid,100,50,0.2,2D Grid,1.309 ± 0.015,0.000 ± 0.000,0.001 ± 0.000,0.001 ± 0.000,N/A,N/A,1.310 ± 0.015,1.310 ± 0.015,0.0 ± 0.0,4.30 ± 0.30,4.30 ± 0.30,8.00 ± 0.00,8.0 ± 0.0,10000,20
Puddle,100,50,0.1,2D Grid,1.461 ± 0.013,0.000 ± 0.000,0.001 ± 0.000,0.001 ± 0.000,N/A,N/A,1.462 ± 0.013,1.462 ± 0.013,0.0 ± 0.0,4.49 ± 0.40,4.49 ± 0.40,8.00 ± 0.00,8.0 ± 0.0,10000,20
Puddle,100,50,0.15,2D Grid,1.376 ± 0.014,0.000 ± 0.000,0.001 ± 0.000,0.001 ± 0.000,N/A,N/A,1.377 ± 0.014,1.377 ± 0.014,0.0 ± 0.0,4.36 ± 0.37,4.36 ± 0.37,8.00 ± 0.00,8.0 ± 0.0,10000,20
Puddle,100,50,0.2,2D Grid,1.311 ± 0.035,0.000 ± 0.000,0.001 ± 0.000,0.001 ± 0.000,N/A,N/A,1.312 ± 0.035,1.312 ± 0.035,0.0 ± 0.0,4.29 ± 0.35,4.29 ± 0.35,8.00 ± 0.00,8.0 ± 0.0,10000,20
Rock,100,50,0.1,2D Grid,1.453 ± 0.014,0.000 ± 0.000,0.001 ± 0.000,0.001 ± 0.000,N/A,N/A,1.454 ± 0.014,1.454 ± 0.014,0.0 ± 0.0,4.51 ± 0.16,4.51 ± 0.16,8.00 ± 0.00,8.0 ± 0.0,10000,20
Rock,100,50,0.15,2D Grid,1.379 ± 0.022,0.000 ± 0.000,0.001 ± 0.000,0.001 ± 0.000,N/A,N/A,1.380 ± 0.022,1.380 ± 0.022,0.0 ± 0.0,4.12 ± 0.17,4.12 ± 0.17,8.00 ± 0.00,8.0 ± 0.0,10000,20
Rock,100,50,0.2,2D Grid,1.322 ± 0.054,0.000 ± 0.000,0.001 ± 0.000,0.001 ± 0.000,N/A,N/A,1.323 ± 0.054,1.323 ± 0.054,0.0 ± 0.0,4.28 ± 0.23,4.28 ± 0.23,8.00 ± 0.00,8.0 ± 0.0,10000,20
Grid,100,100,0.1,2D Grid,1.444 ± 0.005,0.000 ± 0.000,0.001 ± 0.000,0.001 ± 0.000,N/A,N/A,1.445 ± 0.005,1.445 ± 0.005,0.0 ± 0.0,4.53 ± 0.12,4.53 ± 0.12,8.00 ± 0.00,8.0 ± 0.0,10000,20
Grid,100,100,0.15,2D Grid,1.371 ± 0.010,0.000 ± 0.000,0.001 ± 0.000,0.001 ± 0.000,N/A,N/A,1.372 ± 0.010,1.372 ± 0.010,0.0 ± 0.0,4.44 ± 0.24,4.44 ± 0.24,8.00 ± 0.00,8.0 ± 0.0,10000,20
Grid,100,100,0.2,2D Grid,1.314 ± 0.024,0.000 ± 0.000,0.001 ± 0.000,0.001 ± 0.000,N/A,N/A,1.315 ± 0.024,1.315 ± 0.024,0.0 ± 0.0,4.55 ± 0.14,4.55 ± 0.14,8.00 ± 0.00,8.0 ± 0.0,10000,20
Puddle,100,100,0.1,2D Grid,1.449 ± 0.005,0.000 ± 0.000,0.001 ± 0.000,0.001 ± 0.000,N/A,N/A,1.450 ± 0.005,1.450 ± 0.005,0.0 ± 0.0,4.22 ± 0.21,4.22 ± 0.21,8.00 ± 0.00,8.0 ± 0.0,10000,20
Puddle,100,100,0.15,2D Grid,1.372 ± 0.021,0.000 ± 0.000,0.001 ± 0.000,0.001 ± 0.000,N/A,N/A,1.373 ± 0.021,1.373 ± 0.021,0.0 ± 0.0,4.31 ± 0.21,4.31 ± 0.21,8.00 ± 0.00,8.0 ± 0.0,10000,20
Puddle,100,100,0.2,2D Grid,1.346 ± 0.059,0.000 ± 0.000,0.001 ± 0.000,0.001 ± 0.000,N/A,N/A,1.347 ± 0.059,1.347 ± 0.059,0.0 ± 0.0,4.61 ± 0.30,4.61 ± 0.30,8.00 ± 0.00,8.0 ± 0.0,10000,20
Rock,100,100,0.1,2D Grid,1.457 ± 0.013,0.000 ± 0.000,0.001 ± 0.000,0.001 ± 0.000,N/A,N/A,1.458 ± 0.013,1.458 ± 0.013,0.0 ± 0.0,4.42 ± 0.17,4.42 ± 0.17,8.00 ± 0.00,8.0 ± 0.0,10000,20
Rock,100,100,0.15,2D Grid,1.390 ± 0.031,0.000 ± 0.000,0.001 ± 0.000,0.001 ± 0.000,N/A,N/A,1.391 ± 0.031,1.391 ± 0.031,0.0 ± 0.0,4.21 ± 0.19,4.21 ± 0.19,8.00 ± 0.00,8.0 ± 0.0,10000,20
Rock,100,100,0.2,2D Grid,1.343 ± 0.036,0.000 ± 0.000,0.001 ± 0.000,0.001 ± 0.000,N/A,N/A,1.344 ± 0.036,1.344 ± 0.036,0.0 ± 0.0,4.39 ± 0.11,4.39 ± 0.11,8.00 ± 0.00,8.0 ± 0.0,10000,20
Grid,196,10,0.1,2D Grid,4.421 ± 0.513,0.000 ± 0.000,0.001 ± 0.000,0.001 ± 0.000,N/A,N/A,4.422 ± 0.513,4.422 ± 0.513,0.0 ± 0.0,3.08 ± 0.12,3.08 ± 0.12,5.60 ± 0.80,5.6 ± 0.8,38416,20
Grid,196,10,0.15,2D Grid,4.757 ± 0.302,0.000 ± 0.000,0.001 ± 0.000,0.001 ± 0.000,N/A,N/A,4.758 ± 0.302,4.758 ± 0.302,0.0 ± 0.0,3.54 ± 0.44,3.54 ± 0.44,6.60 ± 0.49,6.6 ± 0.5,38416,20
Grid,196,10,0.2,2D Grid,4.102 ± 0.587,0.000 ± 0.000,0.000 ± 0.000,0.000 ± 0.000,N/A,N/A,4.102 ± 0.587,4.102 ± 0.587,0.0 ± 0.0,3.04 ± 0.54,3.04 ± 0.54,5.60 ± 1.02,5.6 ± 1.0,38416,20
Puddle,196,10,0.1,2D Grid,4.606 ± 0.032,0.000 ± 0.000,0.001 ± 0.000,0.001 ± 0.000,N/A,N/A,4.606 ± 0.032,4.606 ± 0.032,0.0 ± 0.0,3.56 ± 0.16,3.56 ± 0.16,6.00 ± 0.00,6.0 ± 0.0,38416,20
Puddle,196,10,0.15,2D Grid,3.810 ± 0.698,0.000 ± 0.000,0.000 ± 0.000,0.000 ± 0.000,N/A,N/A,3.810 ± 0.698,3.810 ± 0.698,0.0 ± 0.0,3.00 ± 0.67,3.00 ± 0.67,5.20 ± 1.17,5.2 ± 1.2,38416,20
Puddle,196,10,0.2,2D Grid,4.461 ± 0.447,0.000 ± 0.000,0.001 ± 0.000,0.001 ± 0.000,N/A,N/A,4.462 ± 0.448,4.462 ± 0.448,0.0 ± 0.0,3.62 ± 0.39,3.62 ± 0.39,6.40 ± 0.80,6.4 ± 0.8,38416,20
Rock,196,10,0.1,2D Grid,4.706 ± 0.258,0.000 ± 0.000,0.001 ± 0.000,0.001 ± 0.000,N/A,N/A,4.706 ± 0.258,4.706 ± 0.258,0.0 ± 0.0,3.42 ± 0.53,3.42 ± 0.53,6.20 ± 0.40,6.2 ± 0.4,38416,20
Rock,196,10,0.15,2D Grid,4.327 ± 0.546,0.000 ± 0.000,0.001 ± 0.000,0.001 ± 0.000,N/A,N/A,4.327 ± 0.546,4.327 ± 0.546,0.0 ± 0.0,3.26 ± 0.69,3.26 ± 0.69,6.00 ± 0.89,6.0 ± 0.9,38416,20
Rock,196,10,0.2,2D Grid,4.079 ± 0.255,0.000 ± 0.000,0.000 ± 0.000,0.000 ± 0.000,N/A,N/A,4.080 ± 0.255,4.080 ± 0.255,0.0 ± 0.0,3.20 ± 0.36,3.20 ± 0.36,5.80 ± 0.40,5.8 ± 0.4,38416,20
Grid,196,50,0.1,2D Grid,5.957 ± 0.028,0.000 ± 0.000,0.001 ± 0.000,0.001 ± 0.000,N/A,N/A,5.958 ± 0.028,5.958 ± 0.028,0.0 ± 0.0,4.39 ± 0.35,4.39 ± 0.35,8.00 ± 0.00,8.0 ± 0.0,38416,20
Grid,196,50,0.15,2D Grid,5.650 ± 0.069,0.000 ± 0.000,0.001 ± 0.000,0.001 ± 0.000,N/A,N/A,5.651 ± 0.069,5.651 ± 0.069,0.0 ± 0.0,4.34 ± 0.15,4.34 ± 0.15,8.00 ± 0.00,8.0 ± 0.0,38416,20
Grid,196,50,0.2,2D Grid,5.586 ± 0.242,0.000 ± 0.000,0.001 ± 0.000,0.001 ± 0.000,N/A,N/A,5.587 ± 0.242,5.587 ± 0.242,0.0 ± 0.0,4.44 ± 0.21,4.44 ± 0.21,8.00 ± 0.00,8.0 ± 0.0,38416,20
Puddle,196,50,0.1,2D Grid,5.867 ± 0.061,0.000 ± 0.000,0.001 ± 0.000,0.001 ± 0.000,N/A,N/A,5.868 ± 0.061,5.868 ± 0.061,0.0 ± 0.0,4.40 ± 0.07,4.40 ± 0.07,8.00 ± 0.00,8.0 ± 0.0,38416,20
Puddle,196,50,0.15,2D Grid,5.540 ± 0.068,0.000 ± 0.000,0.001 ± 0.000,0.001 ± 0.000,N/A,N/A,5.541 ± 0.068,5.541 ± 0.068,0.0 ± 0.0,4.54 ± 0.18,4.54 ± 0.18,8.00 ± 0.00,8.0 ± 0.0,38416,20
Puddle,196,50,0.2,2D Grid,5.091 ± 0.259,0.000 ± 0.000,0.001 ± 0.000,0.001 ± 0.000,N/A,N/A,5.092 ± 0.259,5.092 ± 0.259,0.0 ± 0.0,4.22 ± 0.34,4.22 ± 0.34,7.80 ± 0.40,7.8 ± 0.4,38416,20
Rock,196,50,0.1,2D Grid,5.808 ± 0.024,0.000 ± 0.000,0.001 ± 0.000,0.001 ± 0.000,N/A,N/A,5.809 ± 0.024,5.809 ± 0.024,0.0 ± 0.0,4.42 ± 0.21,4.42 ± 0.21,8.00 ± 0.00,8.0 ± 0.0,38416,20
Rock,196,50,0.15,2D Grid,5.574 ± 0.099,0.000 ± 0.000,0.001 ± 0.000,0.001 ± 0.000,N/A,N/A,5.575 ± 0.099,5.575 ± 0.099,0.0 ± 0.0,4.39 ± 0.27,4.39 ± 0.27,8.00 ± 0.00,8.0 ± 0.0,38416,20
Rock,196,50,0.2,2D Grid,5.290 ± 0.076,0.000 ± 0.000,0.001 ± 0.000,0.001 ± 0.000,N/A,N/A,5.291 ± 0.075,5.291 ± 0.075,0.0 ± 0.0,4.17 ± 0.15,4.17 ± 0.15,8.00 ± 0.00,8.0 ± 0.0,38416,20
Grid,196,100,0.1,2D Grid,5.977 ± 0.060,0.000 ± 0.000,0.001 ± 0.000,0.001 ± 0.000,N/A,N/A,5.978 ± 0.060,5.978 ± 0.060,0.0 ± 0.0,4.33 ± 0.19,4.33 ± 0.19,8.00 ± 0.00,8.0 ± 0.0,38416,20
Grid,196,100,0.15,2D Grid,5.535 ± 0.093,0.000 ± 0.000,0.001 ± 0.000,0.001 ± 0.000,N/A,N/A,5.536 ± 0.093,5.536 ± 0.093,0.0 ± 0.0,4.50 ± 0.10,4.50 ± 0.10,8.00 ± 0.00,8.0 ± 0.0,38416,20
Grid,196,100,0.2,2D Grid,5.475 ± 0.127,0.000 ± 0.000,0.001 ± 0.000,0.001 ± 0.000,N/A,N/A,5.476 ± 0.127,5.476 ± 0.127,0.0 ± 0.0,4.24 ± 0.16,4.24 ± 0.16,8.00 ± 0.00,8.0 ± 0.0,38416,20
Puddle,196,100,0.1,2D Grid,5.801 ± 0.041,0.000 ± 0.000,0.001 ± 0.000,0.001 ± 0.000,N/A,N/A,5.802 ± 0.041,5.802 ± 0.041,0.0 ± 0.0,4.29 ± 0.12,4.29 ± 0.12,8.00 ± 0.00,8.0 ± 0.0,38416,20
Puddle,196,100,0.15,2D Grid,5.485 ± 0.066,0.000 ± 0.000,0.001 ± 0.000,0.001 ± 0.000,N/A,N/A,5.486 ± 0.066,5.486 ± 0.066,0.0 ± 0.0,4.20 ± 0.13,4.20 ± 0.13,8.00 ± 0.00,8.0 ± 0.0,38416,20
Puddle,196,100,0.2,2D Grid,5.347 ± 0.172,0.000 ± 0.000,0.001 ± 0.000,0.001 ± 0.000,N/A,N/A,5.348 ± 0.172,5.348 ± 0.172,0.0 ± 0.0,4.27 ± 0.14,4.27 ± 0.14,8.00 ± 0.00,8.0 ± 0.0,38416,20
Rock,196,100,0.1,2D Grid,5.847 ± 0.047,0.000 ± 0.000,0.001 ± 0.000,0.001 ± 0.000,N/A,N/A,5.848 ± 0.047,5.848 ± 0.047,0.0 ± 0.0,4.46 ± 0.15,4.46 ± 0.15,8.00 ± 0.00,8.0 ± 0.0,38416,20
Rock,196,100,0.15,2D Grid,5.583 ± 0.120,0.000 ± 0.000,0.001 ± 0.000,0.001 ± 0.000,N/A,N/A,5.584 ± 0.120,5.584 ± 0.120,0.0 ± 0.0,4.27 ± 0.08,4.27 ± 0.08,8.00 ± 0.00,8.0 ± 0.0,38416,20
Rock,196,100,0.2,2D Grid,5.328 ± 0.119,0.000 ± 0.000,0.001 ± 0.000,0.001 ± 0.000,N/A,N/A,5.329 ± 0.119,5.329 ± 0.119,0.0 ± 0.0,4.48 ± 0.26,4.48 ± 0.26,8.00 ± 0.00,8.0 ± 0.0,38416,20
