game,room_side,rooms_per_side,board_side,num_humans,num_simu,rep,seed,n_states,n_reachable,n_actions,n_humans,n_draws,n_B_nofilter,n_B,n_I,n_columns,t_build,t_rejected,t_bottlenecks,t_toboggan_filter,t_algorithm1,t_oracle_sets,t_solve_strategic_exact,t_solve_info_gain,t_solve_proximity,t_solve_frequency,t_solve_strategic_exact_rails,t_solve_info_gain_rails,t_solve_proximity_rails,t_solve_frequency_rails,t_sim_query_all,t_sim_strategic_exact,t_sim_info_gain,t_sim_proximity,t_sim_frequency,t_sim_query_all_rails,t_sim_strategic_exact_rails,t_sim_info_gain_rails,t_sim_proximity_rails,t_sim_frequency_rails,t_total,success,query_all,strategic_exact,info_gain,proximity,frequency,query_all_rails,strategic_exact_rails,info_gain_rails,proximity_rails,frequency_rails,skipped
gridworld,6,6,36,30,8,0,0,1296,1024,4,30,3,22,22,8,22,1.1692868721438572,3.3715482499683276,0.3415897071827203,nan,0.006096832919865847,0.0,nan,0.00012075004633516073,0.00013295805547386408,4.766706842929125e-05,nan,0.00012075004633516073,0.00013295805547386408,4.766706842929125e-05,0.00011729192920029163,nan,0.000783958937972784,0.00028091692365705967,0.0003319589886814356,0.0005391250597313046,nan,0.00047500000800937414,0.00046554103028029203,0.00046670797746628523,1.5216807080432773,1,22,nan,16,16,16,10,nan,8,11,10,VI skipped: 3^22 too large
gridworld,6,6,36,30,8,1,1,1296,1164,4,30,2,19,19,6,19,1.2836762920487672,1.7050618750508875,0.393564831931144,nan,0.003936541965231299,0.0,nan,4.283292219042778e-05,9.708304423838854e-05,3.270793240517378e-05,nan,4.283292219042778e-05,9.708304423838854e-05,3.270793240517378e-05,6.237498018890619e-05,nan,0.0005047910381108522,0.0002372909802943468,0.0003495829878374934,0.0003653330495581031,nan,0.0003022500313818455,0.00043104193173348904,0.00038712495006620884,1.684608667041175,1,13,nan,17,14,17,9,nan,5,10,8,VI skipped: 3^19 too large
gridworld,6,6,36,30,8,2,2,1296,1130,4,30,3,23,23,6,23,1.1642324178246781,3.38549991697073,0.35679974884260446,nan,0.00432516704313457,0.0,nan,4.820793401449919e-05,0.00013225001748651266,4.012498538941145e-05,nan,4.820793401449919e-05,0.00013225001748651266,4.012498538941145e-05,7.629103492945433e-05,nan,0.0005433750338852406,0.0002905830042436719,0.0003831670619547367,0.0002817910863086581,nan,0.0005625420017167926,0.00032583391293883324,0.00048283301293849945,1.5291069579543546,1,19,nan,19,18,19,7,nan,10,7,10,VI skipped: 3^23 too large
gridworld,6,6,36,30,8,3,3,1296,1059,4,30,6,24,24,6,24,0.8484722479479387,7.1108725416706875,0.24651995219755918,nan,0.004527291981503367,0.0,nan,4.612503107637167e-05,0.00010383303742855787,3.7541030906140804e-05,nan,4.612503107637167e-05,0.00010383303742855787,3.7541030906140804e-05,9.595905430614948e-05,nan,0.0005014169728383422,0.00032408395782113075,0.00035091699101030827,0.00040845805779099464,nan,0.0005644590128213167,0.0004359589656814933,0.0004745839396491647,1.1034324581269175,1,24,nan,17,20,17,10,nan,10,10,10,VI skipped: 3^24 too large
gridworld,6,6,36,30,8,4,4,1296,1232,4,30,3,27,27,6,27,1.1540168760111555,3.378632124979049,0.3467288740212098,nan,0.006776041002012789,0.0,nan,5.012494511902332e-05,0.00010137492790818214,4.283303860574961e-05,nan,5.012494511902332e-05,0.00010137492790818214,4.283303860574961e-05,5.5916025303304195e-05,nan,0.0004728750791400671,0.0003572918940335512,0.0003225000109523535,0.0005210830131545663,nan,0.0006204158999025822,0.0005985000170767307,0.0005275419680401683,1.5117836659774184,1,12,nan,16,22,16,13,nan,11,14,11,VI skipped: 3^27 too large
gridworld,6,6,36,30,8,5,5,1296,1232,4,30,3,25,25,8,25,1.1671681731240824,3.37057837494649,0.34771391621325165,nan,0.004971125046722591,0.0,nan,5.633395630866289e-05,0.00011991697829216719,4.816602449864149e-05,nan,5.633395630866289e-05,0.00011991697829216719,4.816602449864149e-05,9.733298793435097e-05,nan,0.0005492919590324163,0.0003196250181645155,0.0003854170208796859,0.00044866593088954687,nan,0.0004072909941896796,0.0004836249863728881,0.000434999936260283,1.523797709029168,1,24,nan,19,20,19,11,nan,7,11,9,VI skipped: 3^25 too large
gridworld,6,6,36,30,8,6,6,1296,1163,4,30,15,23,23,6,23,0.8345687879482284,17.0660822520731,0.24683537508826703,nan,0.004463083925656974,0.0,nan,4.295899998396635e-05,9.995908476412296e-05,3.9041973650455475e-05,nan,4.295899998396635e-05,9.995908476412296e-05,3.9041973650455475e-05,6.533402483910322e-05,nan,0.00041812495328485966,0.0002324579982087016,0.00028300005942583084,0.0003208339912816882,nan,0.00034979195334017277,0.00038754206616431475,0.0003344999859109521,1.0889971250435337,1,15,nan,14,14,14,8,nan,6,9,7,VI skipped: 3^23 too large
gridworld,6,6,36,30,8,7,7,1296,1057,4,30,2,27,27,8,27,1.3347197930561379,1.6732052499428391,0.3388674583984539,nan,0.0068406249629333615,0.0,nan,5.504197906702757e-05,0.00012029195204377174,4.8457994125783443e-05,nan,5.504197906702757e-05,0.00012029195204377174,4.8457994125783443e-05,9.879202116280794e-05,nan,0.0007118750363588333,0.0003660420188680291,0.0005144169554114342,0.00044520897790789604,nan,0.0008369589922949672,0.0006516659632325172,0.0007252499926835299,1.6855824580416083,1,23,nan,25,23,25,11,nan,15,15,15,VI skipped: 3^27 too large
puddleworld,6,6,36,30,8,0,8,1296,1232,4,30,4,23,23,7,23,1.0206843732157722,4.791400207905099,0.3190284159500152,nan,0.004446750041097403,0.0,nan,5.879101809114218e-05,0.00011674989946186543,3.858399577438831e-05,nan,5.879101809114218e-05,0.00011674989946186543,3.858399577438831e-05,9.004108142107725e-05,nan,0.0005969998892396688,0.00030083395540714264,0.00034816598054021597,0.0004899590276181698,nan,0.0007222079439088702,0.000573083059862256,0.0006167079554870725,1.3487749169580638,1,20,nan,17,18,17,11,nan,13,13,13,VI skipped: 3^23 too large
puddleworld,6,6,36,30,8,1,9,1296,1129,4,30,3,25,25,6,25,1.1290988780092448,3.324396999902092,0.38577774458099157,nan,0.0067468750057742,0.0,nan,5.0332979299128056e-05,0.0001169170718640089,4.229205660521984e-05,nan,5.0332979299128056e-05,0.0001169170718640089,4.229205660521984e-05,7.575005292892456e-05,nan,0.0005494999932125211,0.00029150000773370266,0.0003814169904217124,0.0003589589614421129,nan,0.0006131669506430626,0.00039062497671693563,0.0005207079229876399,1.525594542035833,1,15,nan,19,18,19,9,nan,11,9,11,VI skipped: 3^25 too large
puddleworld,6,6,36,30,8,2,10,1296,1232,4,30,1,19,19,6,19,1.2923237092327327,0.0,0.4046702500199899,nan,0.005624957964755595,0.0,nan,4.195794463157654e-05,9.824999142438173e-05,3.529200330376625e-05,nan,4.195794463157654e-05,9.824999142438173e-05,3.529200330376625e-05,3.9375037886202335e-05,nan,0.00035858398769050837,0.0002061669947579503,0.0002491249470040202,0.00020699994638562202,nan,0.0004034169251099229,0.00030262500513345003,0.00033199996687471867,1.7054643749725074,1,7,nan,12,13,12,5,nan,7,7,7,VI skipped: 3^19 too large
puddleworld,6,6,36,30,8,3,11,1296,1031,4,30,7,20,20,6,20,0.867327626910992,8.527053375262767,0.29816670762374997,nan,0.0034051249967887998,0.0,nan,4.766706842929125e-05,9.245797991752625e-05,3.466696944087744e-05,nan,4.766706842929125e-05,9.245797991752625e-05,3.466696944087744e-05,6.079103332012892e-05,nan,0.0003585841041058302,0.00024283304810523987,0.00024983298499137163,0.0002514999359846115,nan,0.000286665977910161,0.0003439589636400342,0.0002927089808508754,1.1716828759526834,1,13,nan,12,15,12,6,nan,5,8,6,VI skipped: 3^20 too large
puddleworld,6,6,36,30,8,4,12,1296,1232,4,30,5,30,30,8,30,0.9129116670228541,6.180977207026444,0.28667778975795954,nan,0.0061229580314829946,0.0,nan,6.11250288784504e-05,0.00012708303984254599,5.395803600549698e-05,nan,6.11250288784504e-05,0.00012708303984254599,5.395803600549698e-05,9.858398698270321e-05,nan,0.0004701249999925494,0.00039599998854100704,0.00041095807682722807,0.0006394160445779562,nan,0.0006882089655846357,0.0007705000462010503,0.0006735839415341616,1.210659582982771,1,24,nan,16,25,20,16,nan,12,18,14,VI skipped: 3^30 too large
puddleworld,6,6,36,30,8,5,13,1296,1163,4,30,17,24,24,8,24,0.8684170821215957,19.719241500017233,0.22573666519019753,nan,0.0036576659185811877,0.0,nan,4.962494131177664e-05,0.00010474992450326681,4.254095256328583e-05,nan,4.962494131177664e-05,0.00010474992450326681,4.254095256328583e-05,7.958302740007639e-05,nan,0.0005212090909481049,0.0003054580884054303,0.0003652500454336405,0.00047924998216331005,nan,0.0007345830090343952,0.000600083963945508,0.0006193749140948057,1.102244291920215,1,19,nan,18,19,18,12,nan,13,14,13,VI skipped: 3^24 too large
puddleworld,6,6,36,30,8,6,14,1296,1131,4,30,12,16,16,6,16,0.8598140797112137,14.193235415848903,0.2512151679256931,nan,0.003209667047485709,0.0,nan,3.654090687632561e-05,8.216605056077242e-05,2.9916991479694843e-05,nan,3.654090687632561e-05,8.216605056077242e-05,2.9916991479694843e-05,6.062502507120371e-05,nan,0.0002531249774619937,0.0001959590008482337,0.00020591705106198788,0.00029008404817432165,nan,0.00028854096308350563,0.0003041250165551901,0.0003310000756755471,1.1168481260538101,1,13,nan,8,12,10,7,nan,5,7,7,VI skipped: 3^16 too large
puddleworld,6,6,36,30,8,7,15,1296,1199,4,30,2,19,19,6,19,1.2616710420697927,1.6847511250525713,0.34779162879567593,nan,0.003932084073312581,0.0,nan,3.891694359481335e-05,9.641703218221664e-05,3.250001464039087e-05,nan,3.891694359481335e-05,9.641703218221664e-05,3.250001464039087e-05,7.924996316432953e-05,nan,0.0002568749478086829,0.0002441250253468752,0.0002485419390723109,0.0002881670370697975,nan,0.00034537503961473703,0.0003887909697368741,0.00033725006505846977,1.6163101670099422,1,18,nan,8,15,12,7,nan,6,9,7,VI skipped: 3^19 too large
rockworld,6,6,36,30,8,0,16,2592,2205,4,30,251,18,18,6,18,1.9209670026320964,658.9328877603402,0.4977796219754964,nan,0.004772874992340803,0.0,nan,0.00017074996139854193,0.00018866697791963816,3.429199568927288e-05,nan,0.00017074996139854193,0.00018866697791963816,3.429199568927288e-05,0.00012904091272503138,nan,0.0008288330864161253,0.00023300002794712782,0.0002609159564599395,0.00045491696801036596,nan,0.0003118750173598528,0.00031925004441291094,0.0002993339439854026,2.428010541945696,1,15,nan,12,12,12,6,nan,5,7,6,VI skipped: 3^18 too large
rockworld,6,6,36,30,8,1,17,2592,2006,4,30,30,23,23,6,23,2.503069333964959,101.00796912389342,0.8074516701744869,nan,0.006534708081744611,0.0,nan,5.204195622354746e-05,0.00014108303003013134,4.0334067307412624e-05,nan,5.204195622354746e-05,0.00014108303003013134,4.0334067307412624e-05,8.458306547254324e-05,nan,0.00029624998569488525,0.00026541599072515965,0.0003155829617753625,0.0002578330459073186,nan,0.0002532079815864563,0.0004016669699922204,0.00044225004967302084,3.3203132080379874,1,17,nan,9,16,15,6,nan,4,9,9,VI skipped: 3^23 too large
rockworld,6,6,36,30,8,2,18,2592,2174,4,30,1,18,18,6,18,2.818654373753816,0.0,0.798016834189184,nan,0.007138082990422845,0.0,nan,3.891601227223873e-05,0.00013037503231316805,3.170792479068041e-05,nan,3.891601227223873e-05,0.00013037503231316805,3.170792479068041e-05,6.787502206861973e-05,nan,0.00028212496545165777,0.00021816708613187075,0.0002510420745238662,0.0003330840263515711,nan,0.00030566705390810966,0.00035775010474026203,0.0003957089502364397,3.626915375003591,1,14,nan,9,13,12,8,nan,5,8,8,VI skipped: 3^18 too large
rockworld,6,6,36,30,8,3,19,2592,1790,4,30,51,19,19,6,19,1.9983590017072856,161.79317049880046,0.5081865814281628,nan,0.0041892079170793295,0.0,nan,4.054198507219553e-05,0.00011925003491342068,3.345799632370472e-05,nan,4.054198507219553e-05,0.00011925003491342068,3.345799632370472e-05,5.3875031881034374e-05,nan,0.00037091702688485384,0.00021674996241927147,0.00029162492137402296,0.00037270807661116123,nan,0.0004171249456703663,0.0004006660310551524,0.00044125004205852747,2.514113249955699,1,11,nan,12,13,14,9,nan,7,9,9,VI skipped: 3^19 too large
rockworld,6,6,36,30,8,4,20,2592,2313,4,30,24,18,18,6,18,2.7191299978876486,81.37912279029842,0.8625129152787849,nan,0.0044172079069539905,0.0,nan,4.0041981264948845e-05,0.00019458297174423933,3.3374992199242115e-05,nan,4.0041981264948845e-05,0.00019458297174423933,3.3374992199242115e-05,4.966708365827799e-05,nan,0.00033974996767938137,0.00023254100233316422,0.0002317080507054925,0.00021454202942550182,nan,0.000407207990065217,0.00035450002178549767,0.00034337490797042847,3.589202916016802,1,9,nan,11,14,11,5,nan,7,8,7,VI skipped: 3^18 too large
rockworld,6,6,36,30,8,5,21,2592,1922,4,30,43,21,21,8,21,2.2508560006972402,140.26570120907854,0.5369458296336234,nan,0.00484275002963841,0.0,nan,4.9042049795389175e-05,0.00013054104056209326,4.1500083170831203e-05,nan,4.9042049795389175e-05,0.00013054104056209326,4.1500083170831203e-05,8.67089256644249e-05,nan,0.0003684579860419035,0.00028791604563593864,0.00029329198878258467,0.0004485419485718012,nan,0.00047574995551258326,0.0004855829756706953,0.000447999918833375,2.7964073759503663,1,20,nan,12,17,14,11,nan,8,11,9,VI skipped: 3^21 too large
rockworld,6,6,36,30,8,6,22,2592,1129,4,30,253,24,24,8,24,1.8613752085948363,661.9805835384177,0.361824206658639,nan,0.0040122499922290444,0.0,nan,5.237502045929432e-05,0.00013770791701972485,4.545797128230333e-05,nan,5.237502045929432e-05,0.00013770791701972485,4.545797128230333e-05,8.591706864535809e-05,nan,0.0004455000162124634,0.0003384159645065665,0.0003171670250594616,0.00041220802813768387,nan,0.0007358749862760305,0.0006601250497624278,0.0006272909231483936,2.231618166901171,1,19,nan,15,21,15,10,nan,13,15,13,VI skipped: 3^24 too large
rockworld,6,6,36,30,8,7,23,2592,1165,4,30,514,18,18,6,18,1.8531581650022417,1294.411392810871,0.3390754610300064,nan,0.0037665419513359666,0.0,nan,3.750005271285772e-05,0.00011666701175272465,3.0458089895546436e-05,nan,3.750005271285772e-05,0.00011666701175272465,3.0458089895546436e-05,6.77499920129776e-05,nan,0.00040558294858783484,0.0002311250427737832,0.00028775003738701344,0.0003660829970613122,nan,0.0006307080620899796,0.00048824993427842855,0.0005327500402927399,2.199736250913702,1,16,nan,14,14,14,9,nan,11,11,11,VI skipped: 3^18 too large
taxiworld,6,6,36,30,8,0,24,3888,1713,6,30,2,49,49,12,49,3.15378616633825,4.579338958021253,0.6686787501676008,nan,0.01215391606092453,0.0,nan,0.00013874995056539774,0.0003541250480338931,0.00012504204642027617,nan,0.00013874995056539774,0.0003541250480338931,0.00012504204642027617,0.0001925419783219695,nan,0.0013790830271318555,0.0005154580576345325,0.0009207499679178,0.0006565839285030961,nan,0.0007272500079125166,0.0007245000451803207,0.0008539590053260326,3.842156750964932,1,43,nan,44,31,44,14,nan,12,16,17,VI skipped: 3^49 too large
taxiworld,6,6,36,30,8,1,25,3888,1542,6,30,1,49,49,5,49,4.018862626049668,0.0,0.6899097090354189,nan,0.013390957959927619,0.0,nan,7.19169620424509e-05,0.0002575409598648548,6.333296187222004e-05,nan,7.19169620424509e-05,0.0002575409598648548,6.333296187222004e-05,0.0001498749479651451,nan,0.0009434169624000788,0.0007784999907016754,0.0006702500395476818,0.000784000032581389,nan,0.000695624970830977,0.0009977919980883598,0.0006333329947665334,4.729021625942551,1,39,nan,33,49,33,19,nan,12,23,13,VI skipped: 3^49 too large
taxiworld,6,6,36,30,8,2,26,3888,1745,6,30,1,32,32,6,32,3.872181417536922,0.0,0.7968417105730623,nan,0.014992958051152527,0.0,nan,5.908298771828413e-05,0.00023150001652538776,5.1541952416300774e-05,nan,5.908298771828413e-05,0.00023150001652538776,5.1541952416300774e-05,9.583390783518553e-05,nan,0.0005515419179573655,0.0003994579892605543,0.0004885420203208923,0.0004088749410584569,nan,0.000524790957570076,0.0004773329710587859,0.0005289159016683698,4.688617456937209,1,21,nan,19,25,24,10,nan,9,11,11,VI skipped: 3^32 too large
taxiworld,6,6,36,30,8,3,27,3888,1810,6,30,2,43,43,7,43,3.137814581859857,4.551768917008303,0.6975114182569087,nan,0.010878207976929843,0.0,nan,8.029106538742781e-05,0.0002562080044299364,7.050007116049528e-05,nan,8.029106538742781e-05,0.0002562080044299364,7.050007116049528e-05,0.00016008398961275816,nan,0.0010735420510172844,0.00040441600140184164,0.000772167113609612,0.0006882089655846357,nan,0.0010950419818982482,0.0007443330250680447,0.000924500054679811,3.8532589990645647,1,42,nan,38,25,38,17,nan,19,17,19,VI skipped: 3^43 too large
taxiworld,6,6,36,30,8,4,28,3888,2091,6,30,1,28,28,8,28,3.90893049526494,0.0,0.8157586668385193,nan,0.010507083032280207,0.0,nan,5.879206582903862e-05,0.0002271659905090928,5.112495273351669e-05,nan,5.879206582903862e-05,0.0002271659905090928,5.112495273351669e-05,0.00011875003110617399,nan,0.0007470420096069574,0.0004490420687943697,0.0005332910222932696,0.00037174997851252556,nan,0.0006390829803422093,0.0005259159952402115,0.0005346250254660845,4.740266083041206,1,28,nan,26,28,26,9,nan,11,12,11,VI skipped: 3^28 too large
taxiworld,6,6,36,30,8,5,29,3888,1575,6,30,6,48,48,24,48,2.6052490869769827,17.751831999979913,0.445477707660757,nan,0.009857333963736892,0.0,nan,0.00019329204224050045,0.00034962501376867294,0.00019066594541072845,nan,0.00019329204224050045,0.00034962501376867294,0.00019066594541072845,3.0499999411404133e-05,nan,0.0003946250071749091,0.0005478749517351389,0.00019583303947001696,6.65000407025218e-05,nan,8.133391384035349e-05,0.0001965000992640853,6.970798131078482e-05,3.063618791056797,0,3,nan,10,33,7,1,nan,1,4,1,VI skipped: 3^48 too large
taxiworld,6,6,36,30,8,6,30,3888,1643,6,30,2,41,41,5,41,3.1806486282730475,4.476515957969241,0.6018845400540158,nan,0.00955887499731034,0.0,nan,6.41250517219305e-05,0.00021483295131474733,5.7541998103260994e-05,nan,6.41250517219305e-05,0.00021483295131474733,5.7541998103260994e-05,0.00012900005094707012,nan,0.0010241250274702907,0.00032700004521757364,0.0007306250045076013,0.000527125084772706,nan,0.0007980839582160115,0.0005260410252958536,0.0006351249758154154,3.7978734170319512,1,31,nan,36,20,36,13,nan,14,12,13,VI skipped: 3^41 too large
taxiworld,6,6,36,30,8,7,31,3888,1470,6,30,3,54,54,6,54,2.642425541882403,8.56112700002268,0.44046495482325554,nan,0.010794708970934153,0.0,nan,8.54170648381114e-05,0.0002418749500066042,7.816602010279894e-05,nan,8.54170648381114e-05,0.0002418749500066042,7.816602010279894e-05,0.00013666599988937378,nan,0.0013559580547735095,0.000513874925673008,0.000986333005130291,0.0006904170149937272,nan,0.0010817080037668347,0.000787583994679153,0.00087162503041327,3.1012452919967473,1,34,nan,48,32,48,17,nan,19,18,18,VI skipped: 3^54 too large
