seed,step,queries,loss,maxq0,mean_q,eps,sec
0,0,25.5,9.42442,0.079,-0.004,1.0,0.1
0,2000,22.25,0.80629,-19.592,-19.956,0.9683,6.4
0,4000,24.167,1.23806,-38.593,-38.986,0.9367,12.7
0,6000,23.083,2.18182,-57.06,-57.478,0.905,19.1
0,8000,21.667,3.13593,-74.46,-75.503,0.8733,25.5
0,10000,22.167,4.23098,-91.461,-92.566,0.8417,32.0
0,12000,23.917,5.36058,-109.695,-110.629,0.81,38.6
0,14000,21.5,6.61963,-127.341,-127.894,0.7783,45.2
0,16000,21.583,7.85206,-143.834,-144.782,0.7467,52.0
0,18000,22.333,9.48523,-161.399,-162.126,0.715,58.8
0,20000,21.917,10.92946,-176.445,-177.462,0.6833,65.6
0,22000,22.833,12.51236,-193.007,-194.209,0.6517,72.5
0,24000,22.333,14.27854,-209.065,-210.352,0.62,79.5
0,26000,22.583,15.86855,-226.517,-227.631,0.5883,86.5
0,28000,22.75,17.81107,-242.199,-243.418,0.5567,93.6
0,30000,20.917,19.81585,-257.618,-259.205,0.525,100.7
0,32000,21.583,21.48375,-274.074,-275.463,0.4933,108.0
0,34000,19.833,23.343,-286.299,-288.318,0.4617,115.3
0,36000,21.333,25.54587,-300.418,-302.178,0.43,122.7
0,38000,18.417,27.84788,-314.792,-316.052,0.3983,130.1
0,40000,19.333,29.87376,-327.292,-329.042,0.3667,137.5
0,42000,19.667,32.3625,-339.965,-342.15,0.335,144.9
0,44000,20.333,34.57687,-352.985,-354.396,0.3033,152.5
0,46000,18.167,37.08475,-365.942,-367.993,0.2717,160.1
0,48000,18.25,38.66714,-377.264,-380.383,0.24,167.9
0,50000,19.25,42.22406,-389.498,-391.587,0.2083,175.7
0,52000,18.833,44.51062,-399.962,-402.896,0.1767,183.6
0,54000,18.0,46.91709,-411.237,-413.297,0.145,191.5
0,56000,16.75,49.24217,-418.767,-422.334,0.1133,199.5
0,58000,16.583,51.30277,-427.471,-432.057,0.0817,207.6
0,60000,16.333,54.29398,-437.53,-440.518,0.05,215.7
0,62000,16.667,56.91079,-444.181,-449.205,0.05,223.9
0,64000,16.083,59.73046,-451.339,-455.674,0.05,232.1
0,66000,15.917,61.96368,-459.592,-463.857,0.05,240.2
0,68000,15.0,63.33361,-471.126,-476.094,0.05,248.4
0,70000,15.25,64.00004,-479.149,-484.274,0.05,256.6
0,72000,15.833,64.73036,-484.544,-490.11,0.05,264.8
0,74000,16.5,65.03302,-492.8,-497.388,0.05,272.9
0,76000,16.333,65.96879,-495.346,-503.362,0.05,281.1
0,78000,14.75,66.71536,-498.328,-508.224,0.05,289.3
0,80000,14.75,67.01826,-504.184,-511.792,0.05,297.5
0,82000,15.167,67.06696,-503.446,-512.004,0.05,305.6
0,84000,15.667,65.76262,-504.19,-513.722,0.05,313.8
0,86000,15.917,65.06384,-500.074,-512.989,0.05,322.0
0,88000,15.083,64.03146,-497.56,-510.187,0.05,330.2
0,90000,14.583,62.28567,-494.408,-504.776,0.05,338.4
0,92000,15.75,60.62235,-486.792,-498.377,0.05,346.5
0,94000,16.0,58.54993,-475.383,-488.01,0.05,354.8
0,96000,15.417,56.22935,-458.745,-470.968,0.05,363.0
0,98000,15.833,53.02268,-441.556,-455.771,0.05,371.1
0,100000,15.833,49.99013,-422.407,-437.959,0.05,379.3
0,102000,15.5,46.93243,-405.563,-420.02,0.05,387.5
0,104000,15.583,43.19774,-383.715,-399.574,0.05,395.7
0,106000,15.333,39.54518,-360.361,-375.857,0.05,403.8
0,108000,14.833,35.79882,-336.547,-352.143,0.05,412.0
0,110000,15.25,32.41911,-309.742,-325.872,0.05,420.2
0,112000,15.833,29.23126,-282.21,-298.665,0.05,428.4
0,114000,15.417,26.78732,-254.199,-270.507,0.05,436.6
0,116000,15.917,24.94013,-229.182,-243.246,0.05,444.8
0,118000,15.333,23.86564,-213.127,-225.336,0.05,453.0
0,120000,15.5,23.70621,-205.807,-215.934,0.05,461.2
0,122000,15.417,23.61164,-203.435,-212.919,0.05,469.3
0,124000,16.333,23.86193,-203.681,-211.861,0.05,477.5
0,126000,15.667,23.94323,-204.985,-213.669,0.05,485.7
0,128000,15.75,24.17075,-208.126,-215.665,0.05,493.8
0,130000,16.167,24.26559,-210.227,-218.051,0.05,502.0
0,132000,15.833,24.28961,-213.209,-221.099,0.05,510.2
0,134000,15.667,24.15926,-215.336,-223.445,0.05,518.4
0,136000,15.25,24.23972,-216.05,-223.219,0.05,526.5
0,138000,14.75,24.10731,-216.924,-223.774,0.05,534.7
0,140000,14.583,24.24225,-216.699,-223.559,0.05,542.9
0,142000,15.833,24.38028,-216.624,-224.072,0.05,551.0
0,144000,15.5,24.4862,-217.919,-225.329,0.05,559.2
0,146000,15.667,24.41539,-218.255,-225.331,0.05,567.4
0,148000,15.583,24.60398,-218.666,-225.541,0.05,575.6
0,150000,15.667,24.35187,-218.895,-225.846,0.05,583.8
0,152000,16.25,24.63936,-218.868,-226.625,0.05,592.0
0,154000,15.833,24.68744,-220.651,-227.7,0.05,600.2
0,156000,15.833,24.31007,-220.33,-227.049,0.05,608.3
0,158000,16.417,24.18301,-218.698,-226.193,0.05,616.5
0,160000,15.75,23.88508,-216.826,-224.756,0.05,624.5
0,162000,15.75,23.67822,-216.123,-223.458,0.05,632.7
0,164000,16.083,23.48758,-214.751,-222.46,0.05,640.9
0,166000,15.083,23.52621,-215.66,-222.355,0.05,649.0
0,168000,14.833,23.6795,-214.293,-221.306,0.05,657.1
0,170000,15.5,23.5555,-214.451,-220.82,0.05,665.3
0,172000,15.25,23.78702,-215.108,-220.953,0.05,673.5
0,174000,15.917,23.75565,-213.867,-220.742,0.05,681.6
0,176000,15.667,23.96645,-213.981,-221.235,0.05,689.8
0,178000,15.333,24.10263,-214.037,-221.625,0.05,697.9
0,180000,15.833,24.26323,-216.841,-223.256,0.05,706.1
0,182000,15.333,24.08361,-218.324,-225.037,0.05,714.3
0,184000,15.667,24.26871,-219.398,-225.878,0.05,722.5
0,186000,15.583,24.0487,-219.358,-226.79,0.05,730.7
0,188000,16.0,24.0563,-219.045,-226.015,0.05,738.8
0,190000,15.333,23.92639,-217.944,-224.616,0.05,747.1
0,192000,15.667,23.92331,-216.394,-223.637,0.05,755.2
0,194000,15.167,23.6984,-215.063,-223.169,0.05,763.3
0,196000,15.25,23.76299,-215.511,-222.865,0.05,771.5
0,198000,15.333,23.85082,-215.735,-222.576,0.05,779.7
0,200000,15.167,23.85362,-215.557,-222.4,0.05,787.9
0,202000,16.083,23.98257,-216.037,-222.37,0.05,796.0
0,204000,15.833,23.85391,-217.18,-223.428,0.05,804.2
0,206000,16.083,24.01303,-218.82,-224.633,0.05,812.4
0,208000,15.583,24.22777,-219.216,-225.349,0.05,820.6
0,210000,15.75,24.20095,-220.063,-226.1,0.05,828.7
0,212000,14.917,24.10564,-220.199,-226.52,0.05,836.9
0,214000,15.917,24.32515,-218.844,-225.115,0.05,845.1
0,216000,15.917,23.84266,-218.352,-225.185,0.05,853.3
0,218000,16.25,23.83124,-218.15,-224.842,0.05,861.4
0,220000,15.75,23.86004,-219.018,-224.938,0.05,869.6
0,222000,16.5,24.08826,-219.205,-225.127,0.05,877.8
0,224000,16.083,24.1284,-219.527,-225.113,0.05,885.9
0,226000,16.167,24.15026,-220.137,-225.98,0.05,894.1
0,228000,16.25,24.15848,-220.356,-226.41,0.05,902.3
0,230000,16.0,23.96974,-219.486,-225.517,0.05,910.5
0,232000,16.25,24.08033,-217.418,-223.606,0.05,918.7
0,234000,14.917,24.07236,-216.863,-222.882,0.05,926.9
0,236000,16.333,23.92304,-216.637,-222.605,0.05,935.1
0,238000,16.083,24.1052,-216.467,-223.157,0.05,943.3
0,240000,15.5,23.99262,-218.076,-223.886,0.05,951.5
0,242000,16.0,24.15569,-218.739,-225.723,0.05,959.6
0,244000,15.667,24.08022,-219.388,-225.786,0.05,967.8
0,246000,15.25,24.001,-218.643,-225.458,0.05,976.0
0,248000,15.417,24.0687,-218.579,-224.538,0.05,984.2
0,250000,15.083,23.91108,-217.829,-224.297,0.05,992.4
0,252000,15.0,24.22366,-217.984,-224.523,0.05,1000.6
0,254000,15.833,24.10742,-218.828,-224.731,0.05,1008.7
0,256000,15.917,24.07306,-219.241,-225.107,0.05,1016.9
0,258000,16.083,24.1179,-218.423,-225.108,0.05,1025.1
0,260000,15.5,24.03021,-218.609,-225.375,0.05,1033.3
0,262000,14.917,24.05215,-218.513,-225.369,0.05,1041.5
0,264000,14.583,23.93429,-219.054,-224.793,0.05,1049.6
0,266000,14.917,23.86171,-218.432,-224.375,0.05,1057.8
0,268000,15.25,23.91749,-218.124,-223.749,0.05,1066.0
0,270000,15.75,23.94257,-217.467,-224.12,0.05,1074.2
0,272000,15.583,24.00703,-218.993,-224.571,0.05,1082.4
0,274000,15.917,23.99999,-217.995,-224.104,0.05,1090.6
0,276000,15.333,23.79371,-218.763,-224.695,0.05,1098.7
0,278000,15.917,24.06816,-217.852,-224.237,0.05,1106.9
0,280000,14.333,24.09043,-218.611,-224.54,0.05,1115.1
0,282000,15.5,24.09771,-217.175,-224.646,0.05,1123.3
0,284000,15.333,24.10761,-218.547,-225.143,0.05,1131.5
0,286000,14.833,24.09764,-219.503,-226.515,0.05,1139.7
0,288000,15.833,24.15461,-220.661,-227.525,0.05,1147.8
0,290000,15.167,24.34873,-220.315,-227.155,0.05,1156.0
0,292000,15.917,24.25548,-219.677,-226.549,0.05,1164.2
0,294000,15.583,23.92138,-219.023,-224.994,0.05,1172.3
0,296000,15.583,23.98136,-218.659,-224.701,0.05,1180.5
0,298000,14.75,24.17239,-218.668,-225.16,0.05,1188.7
1,0,23.833,9.43908,0.074,0.007,1.0,0.0
1,2000,23.083,0.80475,-19.477,-19.924,0.9683,6.6
1,4000,24.25,1.25745,-38.436,-39.199,0.9367,12.9
1,6000,24.5,2.19561,-56.739,-57.607,0.905,19.3
1,8000,23.417,3.18578,-74.554,-75.039,0.8733,25.8
1,10000,22.667,4.22976,-91.617,-92.281,0.8417,32.3
1,12000,24.25,5.37551,-109.31,-109.982,0.81,38.9
1,14000,23.417,6.52853,-126.071,-126.929,0.7783,45.5
1,16000,21.417,7.82265,-142.788,-143.867,0.7467,52.3
1,18000,24.25,9.20838,-159.77,-161.029,0.715,59.1
1,20000,22.083,10.71668,-175.607,-176.713,0.6833,66.0
1,22000,23.333,12.16992,-192.834,-193.571,0.6517,72.9
1,24000,22.917,13.79802,-208.192,-209.402,0.62,79.8
1,26000,22.833,15.60696,-223.409,-224.485,0.5883,86.8
1,28000,23.5,17.21051,-237.675,-239.023,0.5567,94.0
1,30000,22.25,19.02486,-251.532,-253.077,0.525,101.1
1,32000,23.833,20.98634,-267.266,-269.036,0.4933,108.3
1,34000,23.917,23.34081,-282.007,-283.823,0.4617,115.6
1,36000,22.667,25.22714,-297.302,-299.084,0.43,123.0
1,38000,19.0,27.01742,-310.383,-312.118,0.3983,130.4
1,40000,21.5,29.54843,-324.113,-325.695,0.3667,137.9
1,42000,22.917,31.96087,-334.413,-337.447,0.335,145.5
1,44000,21.5,34.48877,-349.138,-351.752,0.3033,153.1
1,46000,18.583,36.92958,-363.168,-365.885,0.2717,160.8
1,48000,18.583,39.78233,-374.824,-378.155,0.24,168.5
1,50000,21.667,42.05382,-387.847,-390.065,0.2083,176.3
1,52000,18.5,44.30899,-398.927,-400.971,0.1767,184.2
1,54000,18.25,46.70605,-409.863,-411.663,0.145,192.2
1,56000,17.583,48.80299,-419.027,-421.855,0.1133,200.2
1,58000,18.0,51.26946,-429.519,-432.334,0.0817,208.3
1,60000,17.917,53.67927,-437.74,-440.659,0.05,216.4
1,62000,17.583,56.48139,-446.631,-450.29,0.05,224.6
1,64000,20.417,58.95577,-455.695,-459.177,0.05,232.8
1,66000,18.417,60.5285,-463.946,-467.793,0.05,240.9
1,68000,17.583,61.60299,-473.021,-476.639,0.05,249.1
1,70000,16.5,62.91127,-481.297,-484.595,0.05,257.3
1,72000,16.25,63.99309,-488.111,-492.826,0.05,265.4
1,74000,15.25,65.03657,-495.071,-499.367,0.05,273.6
1,76000,16.5,66.19872,-501.781,-506.677,0.05,281.8
1,78000,16.333,66.88616,-508.629,-514.897,0.05,290.0
1,80000,16.333,67.42621,-508.592,-516.728,0.05,298.1
1,82000,15.25,67.48462,-511.366,-519.229,0.05,306.3
1,84000,15.917,67.72538,-514.261,-521.822,0.05,314.5
1,86000,15.667,67.19289,-513.781,-521.469,0.05,322.6
1,88000,15.167,66.66248,-509.032,-519.747,0.05,330.8
1,90000,15.0,65.85482,-506.806,-517.812,0.05,339.0
1,92000,16.083,64.55761,-503.829,-515.988,0.05,347.2
1,94000,15.083,63.46478,-497.284,-511.351,0.05,355.4
1,96000,15.167,62.29305,-491.442,-505.015,0.05,363.6
1,98000,15.0,60.73784,-479.741,-495.538,0.05,371.7
1,100000,14.75,58.90115,-468.776,-485.856,0.05,379.9
1,102000,15.0,56.16281,-459.316,-473.878,0.05,388.1
1,104000,15.25,53.11684,-443.217,-458.785,0.05,396.3
1,106000,15.333,49.6249,-424.05,-440.554,0.05,404.4
1,108000,15.5,45.75293,-401.266,-418.433,0.05,412.6
1,110000,15.917,41.1587,-381.825,-396.18,0.05,420.7
1,112000,15.833,36.75611,-351.924,-371.01,0.05,428.9
1,114000,15.583,32.5858,-319.826,-339.18,0.05,437.1
1,116000,15.917,29.11459,-289.852,-306.645,0.05,445.2
1,118000,15.25,26.5155,-256.745,-273.671,0.05,453.4
1,120000,15.417,24.39172,-227.451,-242.853,0.05,461.6
1,122000,15.5,23.53499,-209.649,-222.672,0.05,469.8
1,124000,15.917,23.309,-203.407,-215.276,0.05,477.9
1,126000,14.75,23.50898,-202.282,-213.862,0.05,486.1
1,128000,15.417,23.60342,-204.972,-214.204,0.05,494.3
1,130000,15.75,23.84635,-207.791,-215.876,0.05,502.4
1,132000,15.0,24.16241,-211.293,-219.986,0.05,510.6
1,134000,15.417,24.29178,-214.806,-221.01,0.05,518.7
1,136000,14.75,24.42025,-213.475,-221.41,0.05,526.9
1,138000,14.833,24.38596,-213.563,-220.727,0.05,535.1
1,140000,15.917,24.29647,-214.018,-221.546,0.05,543.3
1,142000,15.333,24.55027,-214.442,-222.611,0.05,551.4
1,144000,15.333,24.42212,-218.031,-225.454,0.05,559.6
1,146000,15.583,24.41787,-218.795,-226.953,0.05,567.7
1,148000,15.0,24.64162,-219.773,-227.405,0.05,575.9
1,150000,14.667,24.43066,-217.884,-227.183,0.05,584.1
1,152000,16.083,24.46012,-218.461,-227.01,0.05,592.2
1,154000,15.583,24.19775,-217.963,-226.288,0.05,600.4
1,156000,16.0,24.27542,-217.874,-226.18,0.05,608.6
1,158000,15.25,24.2009,-217.394,-226.274,0.05,616.7
1,160000,15.0,24.32666,-217.937,-226.228,0.05,624.9
1,162000,15.333,24.19773,-217.768,-227.087,0.05,633.0
1,164000,15.667,24.06696,-219.02,-226.5,0.05,641.2
1,166000,15.417,24.10667,-218.654,-226.663,0.05,649.4
1,168000,15.75,24.31322,-218.844,-225.256,0.05,657.6
1,170000,15.917,24.25901,-218.464,-225.064,0.05,665.7
1,172000,15.25,24.20558,-217.607,-224.117,0.05,673.9
1,174000,15.5,24.00422,-215.886,-224.037,0.05,682.1
1,176000,16.333,24.14664,-216.603,-223.711,0.05,690.3
1,178000,15.333,24.16159,-216.725,-223.839,0.05,698.4
1,180000,16.0,24.45603,-217.076,-223.954,0.05,706.6
1,182000,14.917,24.53471,-216.772,-224.054,0.05,714.8
1,184000,15.917,24.68558,-218.333,-224.865,0.05,723.0
1,186000,16.0,24.56703,-219.934,-226.77,0.05,731.1
1,188000,15.167,24.62347,-221.155,-228.573,0.05,739.3
1,190000,15.0,24.40185,-220.836,-228.286,0.05,747.4
1,192000,16.0,24.39053,-221.887,-228.745,0.05,755.6
1,194000,15.0,24.39573,-220.557,-228.025,0.05,763.8
1,196000,15.25,24.43584,-220.172,-227.303,0.05,772.0
1,198000,15.083,24.3499,-218.661,-227.059,0.05,780.2
1,200000,15.0,24.55105,-219.53,-227.308,0.05,788.3
1,202000,15.167,24.43625,-219.098,-226.948,0.05,796.5
1,204000,16.25,24.16557,-220.069,-227.194,0.05,804.7
1,206000,15.333,24.21837,-219.469,-226.812,0.05,812.9
1,208000,15.75,24.0767,-220.134,-226.862,0.05,821.1
1,210000,15.917,24.15574,-218.791,-225.666,0.05,829.2
1,212000,15.833,24.16557,-218.656,-224.921,0.05,837.4
1,214000,15.167,24.02326,-217.437,-224.432,0.05,845.6
1,216000,15.5,24.06836,-218.015,-224.897,0.05,853.8
1,218000,15.167,24.06145,-217.594,-224.536,0.05,861.9
1,220000,15.083,23.85613,-217.446,-223.884,0.05,870.1
1,222000,15.5,23.81786,-216.654,-222.852,0.05,878.3
1,224000,15.0,24.10643,-217.238,-222.919,0.05,886.4
1,226000,15.583,23.88105,-216.319,-222.927,0.05,894.6
1,228000,16.0,23.87065,-217.208,-223.968,0.05,902.8
1,230000,15.583,23.99462,-216.848,-223.717,0.05,910.9
1,232000,16.167,23.9955,-218.553,-224.903,0.05,919.1
1,234000,15.083,24.15801,-219.271,-225.368,0.05,927.3
1,236000,15.75,24.45415,-218.578,-225.793,0.05,935.5
1,238000,15.5,24.29593,-218.395,-225.706,0.05,943.6
1,240000,16.167,24.18884,-219.18,-225.378,0.05,951.9
1,242000,16.083,24.22017,-218.734,-226.185,0.05,960.0
1,244000,16.25,24.20629,-220.864,-227.297,0.05,968.2
1,246000,15.25,24.25772,-221.256,-227.952,0.05,976.4
1,248000,15.667,24.18865,-221.698,-228.09,0.05,984.5
1,250000,15.417,24.13315,-222.089,-228.368,0.05,992.7
1,252000,15.333,24.12334,-220.416,-227.595,0.05,1000.9
1,254000,15.917,24.34886,-219.647,-226.649,0.05,1009.1
1,256000,14.667,24.43751,-221.315,-227.573,0.05,1017.2
1,258000,15.333,24.46833,-221.008,-227.57,0.05,1025.4
1,260000,14.917,24.41536,-221.088,-226.87,0.05,1033.6
1,262000,15.333,24.21045,-220.932,-227.117,0.05,1041.8
1,264000,16.167,24.34276,-221.039,-227.993,0.05,1050.0
1,266000,15.833,24.45538,-220.35,-227.702,0.05,1058.1
1,268000,16.167,24.43121,-220.05,-227.488,0.05,1066.3
1,270000,16.5,24.50487,-221.081,-227.235,0.05,1074.5
1,272000,16.0,24.40954,-219.044,-225.958,0.05,1082.6
1,274000,15.5,24.48127,-219.859,-226.746,0.05,1090.8
1,276000,15.083,24.63337,-221.936,-227.708,0.05,1099.0
1,278000,15.417,24.54546,-221.99,-228.385,0.05,1107.1
1,280000,15.5,24.66203,-222.388,-228.423,0.05,1115.3
1,282000,15.833,24.73515,-222.552,-228.456,0.05,1123.5
1,284000,14.833,24.5236,-221.941,-228.38,0.05,1131.6
1,286000,15.667,24.59426,-221.195,-228.023,0.05,1139.8
1,288000,15.083,24.11455,-220.428,-226.649,0.05,1148.0
1,290000,15.25,24.08612,-220.622,-226.82,0.05,1156.1
1,292000,15.583,24.00777,-219.32,-226.195,0.05,1164.3
1,294000,15.583,23.92023,-218.436,-225.462,0.05,1172.5
1,296000,15.167,23.72846,-217.026,-223.304,0.05,1180.7
1,298000,15.917,23.72985,-217.697,-223.256,0.05,1188.9
2,0,25.25,9.4268,0.093,-0.001,1.0,0.0
2,2000,23.75,0.81197,-19.579,-19.964,0.9683,6.5
2,4000,23.167,1.21929,-38.397,-38.963,0.9367,12.7
2,6000,24.833,2.16362,-56.556,-57.024,0.905,19.1
2,8000,22.667,3.12932,-75.594,-76.398,0.8733,25.6
2,10000,22.833,4.23864,-93.207,-93.848,0.8417,32.1
2,12000,23.667,5.41048,-109.412,-110.247,0.81,38.7
2,14000,22.333,6.6414,-126.693,-127.389,0.7783,45.2
2,16000,24.833,7.91662,-142.981,-143.938,0.7467,51.9
2,18000,23.083,9.17862,-159.647,-160.554,0.715,58.8
2,20000,20.917,10.67765,-176.355,-177.268,0.6833,65.5
2,22000,22.0,12.35953,-191.419,-192.387,0.6517,72.3
2,24000,23.5,14.08777,-206.534,-207.837,0.62,79.3
2,26000,24.0,16.00075,-220.665,-222.227,0.5883,86.4
2,28000,24.083,17.49657,-234.704,-235.783,0.5567,93.5
2,30000,23.0,19.24809,-248.056,-249.461,0.525,100.7
2,32000,23.833,21.0555,-262.198,-264.342,0.4933,108.0
2,34000,20.583,23.34983,-278.124,-279.851,0.4617,115.3
2,36000,23.167,25.56461,-293.194,-295.089,0.43,122.7
2,38000,21.417,27.53135,-306.889,-310.076,0.3983,130.1
2,40000,21.167,29.7442,-320.324,-322.331,0.3667,137.6
2,42000,19.333,31.42847,-334.887,-336.648,0.335,145.2
2,44000,19.583,34.30951,-349.609,-351.039,0.3033,152.8
2,46000,20.667,36.98704,-363.014,-364.643,0.2717,160.5
2,48000,17.167,39.29786,-376.212,-378.066,0.24,168.3
2,50000,21.583,41.72568,-389.212,-391.168,0.2083,176.1
2,52000,16.667,44.59871,-401.395,-404.327,0.1767,184.0
2,54000,16.75,47.05963,-413.373,-415.816,0.145,191.9
2,56000,17.417,48.99029,-423.941,-426.986,0.1133,200.0
2,58000,18.083,51.7585,-429.503,-436.316,0.0817,208.0
2,60000,19.0,53.94838,-441.331,-446.4,0.05,216.2
2,62000,16.583,56.51836,-450.573,-454.295,0.05,224.3
2,64000,15.917,58.81511,-459.148,-463.817,0.05,232.5
2,66000,17.083,60.97316,-464.523,-470.061,0.05,240.7
2,68000,17.25,61.99609,-469.766,-475.283,0.05,248.8
2,70000,16.417,63.16842,-471.964,-481.092,0.05,257.0
2,72000,16.5,64.22654,-480.48,-487.201,0.05,265.2
2,74000,17.333,65.02692,-486.382,-494.53,0.05,273.3
2,76000,15.25,65.65498,-493.673,-498.459,0.05,281.5
2,78000,16.333,65.77423,-498.524,-504.546,0.05,289.7
2,80000,15.333,65.66702,-500.743,-507.654,0.05,297.8
2,82000,14.917,65.97149,-502.256,-509.452,0.05,305.6
2,84000,16.25,65.33584,-495.825,-509.689,0.05,313.4
2,86000,15.417,65.08707,-499.763,-509.253,0.05,321.3
2,88000,15.917,64.56293,-498.121,-508.565,0.05,329.4
2,90000,15.583,63.289,-499.005,-508.271,0.05,337.6
2,92000,15.25,62.52453,-495.26,-503.537,0.05,345.8
2,94000,15.583,60.8303,-483.849,-496.192,0.05,354.0
2,96000,16.0,58.89196,-475.498,-487.237,0.05,362.2
2,98000,15.0,57.07189,-466.126,-478.2,0.05,370.4
2,100000,15.167,55.08475,-454.641,-465.91,0.05,378.5
2,102000,15.917,52.14343,-437.348,-450.445,0.05,386.6
2,104000,15.333,49.07664,-424.047,-435.989,0.05,394.8
2,106000,15.417,46.28825,-402.817,-415.811,0.05,403.0
2,108000,16.083,42.90921,-381.307,-394.704,0.05,411.2
2,110000,15.667,39.72199,-359.765,-372.783,0.05,419.3
2,112000,16.0,36.4061,-335.698,-349.597,0.05,427.5
2,114000,14.667,33.34737,-314.351,-327.988,0.05,435.7
2,116000,14.75,30.639,-289.861,-305.613,0.05,443.9
2,118000,14.5,27.91257,-266.852,-282.372,0.05,452.1
2,120000,16.0,26.47427,-246.298,-260.18,0.05,460.2
2,122000,15.917,25.04174,-227.617,-240.415,0.05,468.4
2,124000,15.583,24.50917,-215.703,-227.047,0.05,476.6
2,126000,15.5,24.40845,-209.745,-219.935,0.05,484.7
2,128000,15.333,24.22508,-210.1,-219.325,0.05,492.9
2,130000,15.417,24.18645,-211.809,-220.677,0.05,501.1
2,132000,15.667,24.32695,-214.629,-223.221,0.05,509.2
2,134000,15.167,24.26193,-217.106,-225.05,0.05,517.4
2,136000,14.333,24.24613,-216.724,-224.871,0.05,525.5
2,138000,15.75,23.95623,-215.546,-223.756,0.05,533.7
2,140000,16.333,23.92276,-215.99,-224.733,0.05,541.9
2,142000,15.667,24.04026,-215.324,-224.241,0.05,550.0
2,144000,15.667,23.99125,-216.082,-223.833,0.05,558.2
2,146000,15.667,23.84574,-215.766,-222.612,0.05,566.3
2,148000,15.75,23.92697,-214.644,-222.75,0.05,574.5
2,150000,15.417,24.14459,-215.082,-222.563,0.05,582.7
2,152000,15.917,24.37501,-215.429,-222.716,0.05,590.9
2,154000,15.417,24.44142,-216.75,-223.702,0.05,599.0
2,156000,15.5,24.48396,-217.718,-224.541,0.05,607.2
2,158000,15.25,24.45908,-218.181,-225.094,0.05,615.4
2,160000,15.583,24.58793,-218.806,-225.697,0.05,623.6
2,162000,15.833,24.54639,-218.693,-226.192,0.05,631.7
2,164000,15.75,24.58187,-218.841,-226.139,0.05,639.9
2,166000,14.583,24.51536,-220.231,-226.559,0.05,648.1
2,168000,16.25,24.64141,-219.237,-226.733,0.05,656.3
2,170000,16.083,24.56317,-220.783,-227.313,0.05,664.5
2,172000,15.083,24.37384,-220.648,-227.659,0.05,672.6
2,174000,14.917,24.44173,-219.51,-226.776,0.05,680.8
2,176000,15.833,24.33762,-220.132,-226.488,0.05,689.0
2,178000,15.5,24.31096,-219.411,-226.103,0.05,697.2
2,180000,15.25,24.2964,-219.486,-225.963,0.05,705.4
2,182000,16.0,24.23517,-219.001,-226.084,0.05,713.6
2,184000,15.5,24.2084,-218.937,-225.377,0.05,721.7
2,186000,15.5,24.19036,-218.739,-225.344,0.05,729.9
2,188000,15.25,24.15154,-218.013,-225.059,0.05,738.1
2,190000,15.5,24.38531,-217.58,-225.233,0.05,746.3
2,192000,15.667,24.27477,-218.689,-225.185,0.05,754.5
2,194000,16.25,24.28712,-217.675,-224.033,0.05,762.6
2,196000,15.75,24.07193,-217.394,-223.729,0.05,770.8
2,198000,15.25,24.18556,-215.721,-222.859,0.05,779.0
2,200000,15.917,24.03903,-217.292,-223.739,0.05,787.2
2,202000,14.917,23.86522,-218.512,-224.568,0.05,795.3
2,204000,14.917,23.83225,-218.37,-224.296,0.05,803.5
2,206000,15.833,23.82864,-216.631,-224.667,0.05,811.7
2,208000,15.667,23.89584,-218.83,-225.197,0.05,819.8
2,210000,15.333,23.88818,-218.867,-225.342,0.05,828.0
2,212000,15.5,23.8293,-217.943,-225.187,0.05,836.2
2,214000,15.25,23.89969,-217.595,-224.809,0.05,844.3
2,216000,15.167,23.85451,-217.401,-224.354,0.05,852.5
2,218000,15.0,23.94455,-218.106,-224.379,0.05,860.7
2,220000,16.083,23.93928,-217.381,-223.763,0.05,868.8
2,222000,15.417,23.87227,-217.336,-223.921,0.05,877.0
2,224000,15.417,23.73998,-216.465,-223.356,0.05,885.2
2,226000,15.917,23.73164,-216.302,-223.334,0.05,893.4
2,228000,15.75,23.90036,-215.796,-222.559,0.05,901.6
2,230000,15.167,23.93913,-216.071,-222.809,0.05,909.7
2,232000,15.75,24.16469,-215.494,-220.962,0.05,917.9
2,234000,16.333,23.90066,-215.083,-221.951,0.05,926.1
2,236000,15.667,24.2245,-216.311,-222.471,0.05,934.2
2,238000,15.417,24.19894,-216.719,-223.046,0.05,942.4
2,240000,14.75,24.28834,-217.993,-223.462,0.05,950.6
2,242000,14.583,24.33035,-219.496,-225.16,0.05,958.8
2,244000,14.667,24.49962,-219.207,-225.934,0.05,967.0
2,246000,16.333,24.75124,-221.308,-227.892,0.05,975.2
2,248000,14.917,24.80846,-221.075,-227.133,0.05,983.4
2,250000,15.167,24.60148,-221.967,-228.685,0.05,991.6
2,252000,14.917,24.61325,-222.258,-229.335,0.05,999.8
2,254000,15.417,24.61131,-222.567,-229.76,0.05,1008.0
2,256000,15.5,24.52204,-222.122,-228.791,0.05,1016.2
2,258000,16.0,24.35278,-220.714,-227.929,0.05,1024.3
2,260000,15.667,24.39651,-220.713,-227.605,0.05,1032.5
2,262000,15.917,24.24004,-219.743,-227.082,0.05,1040.7
2,264000,15.25,24.00126,-220.784,-227.264,0.05,1048.9
2,266000,15.167,23.98847,-219.469,-227.293,0.05,1057.0
2,268000,14.917,24.0652,-219.239,-226.709,0.05,1065.2
2,270000,15.75,23.83258,-220.155,-226.54,0.05,1073.4
2,272000,16.333,23.94984,-219.05,-226.042,0.05,1081.6
2,274000,15.75,23.86611,-219.22,-225.416,0.05,1089.8
2,276000,15.583,23.77197,-217.589,-223.878,0.05,1097.9
2,278000,15.583,23.99539,-217.911,-224.06,0.05,1106.1
2,280000,16.0,24.10394,-218.245,-224.409,0.05,1114.3
2,282000,16.25,24.02442,-218.283,-224.711,0.05,1122.5
2,284000,15.333,23.92736,-219.544,-225.458,0.05,1130.7
2,286000,15.583,24.13018,-219.011,-225.8,0.05,1138.8
2,288000,15.667,24.11111,-219.565,-226.04,0.05,1147.0
2,290000,15.0,24.26337,-217.759,-224.672,0.05,1155.2
2,292000,16.083,24.15404,-218.659,-224.575,0.05,1163.4
2,294000,16.0,24.13748,-217.121,-223.777,0.05,1171.5
2,296000,15.167,24.21142,-218.014,-224.202,0.05,1179.7
2,298000,15.5,24.26802,-219.018,-224.297,0.05,1187.9
